X1,X2,n
GATATCG,dfrA15,337215
TAGATGA,dfrA15,127684
TCGCTAG,dfrA15,125002
TTCCAGG,dfrA15,96296
AAAAGGC,dfrA15,86563
ACAAAGC,dfrA15,82497
GCAACGA,dfrA15,78182
CAATCAC,dfrA15,76062
CCGACAT,dfrA15,74073
TATCGTC,dfrA15,73173
TTGCTAC,dfrA15,61308
CATACGT,dfrA15,53902
CACGTTT,dfrA15,52981
TTGCTAC,astA13,52277
AACACCT,dfrA15,51036
GTTCTGG,dfrA15,43749
TGTATGT,dfrA15,42473
CTGCTGT,dfrA15,41933
GATATCG,uidA616,40832
ACTGTGT,dfrA15,40648
TTCCAGG,astA13,40209
GTCGTAT,dfrA15,35170
TATCGTC,astA13,33685
TGCAAAC,dfrA15,33547
TCCTCAT,dfrA15,33404
AGCTGTA,dfrA15,32499
ATCATTA,dfrA15,31791
GGTCTTG,dfrA15,31550
TAGAGCG,dfrA15,30828
GGACCTA,dfrA15,30254
GTTTCGG,dfrA15,30180
GCCATAC,dfrA15,29940
GAATCGA,dfrA15,21752
CTACGTT,dfrA15,21275
TAAGATA,dfrA15,21271
GATATCG,uidA160,21023
ACGTTGC,dfrA15,20637
GATATCG,qnrB7,20478
GTGCTAT,dfrA15,20267
GTTGCTA,dfrA15,19133
ATCCTCG,dfrA15,18861
TACCTTC,dfrA15,18451
CGCATAC,dfrA15,18240
TCTTCGT,dfrA15,18012
AAACCCT,dfrA15,17626
TGCATCC,dfrA15,17361
CATACGT,astA13,16326
AGCAAAC,dfrA15,16134
ATGGTTG,dfrA15,16040
AATGCCT,dfrA15,15791
CGTTTCA,dfrA15,15689
GTCTTCT,dfrA15,15664
GATATCG,trpA354,15594
AACCAAG,dfrA15,15293
GATATCG,dfrA243,15148
GCTTTCT,dfrA15,15144
TAGAACG,dfrA15,15103
ACATTCA,dfrA15,14852
GCAAATG,dfrA15,14834
ATCCAGT,dfrA15,14369
ACCAGAT,dfrA15,14251
CACGTTT,uidA616,14237
GGTCATG,dfrA15,14031
GATATCG,Tsp19,13856
TCGCTAG,uidA616,13532
TGGGTGA,dfrA15,13332
GATATCG,aph6I29,13167
GAACTGA,dfrA15,13107
CTGGTAC,dfrA15,12778
TAGATGA,uidA616,12592
CATCGGT,dfrA15,12005
GTGATAC,dfrA15,11858
TCTGGAA,dfrA15,11851
CAATCAC,uidA616,11828
AAGCACA,dfrA15,11225
CTTTCCA,dfrA15,11125
TGTAGGG,dfrA15,10460
CCACTAG,dfrA15,10434
CCATTCA,dfrA15,10042
GTCCTCT,dfrA15,10029
ACAAAGC,uidA616,9901
GTGTCCT,dfrA15,9646
GTTCTGG,uidA616,9513
ACAGGAT,dfrA15,9420
CGATCAC,dfrA15,9395
CAGTAGG,dfrA15,9389
CATACGT,uidA616,9246
AAAAGGC,uidA616,9143
TAGAGCG,astA13,9029
TAGATGA,dfrA243,8831
CATGAAG,dfrA15,8447
GATTGGC,dfrA15,8180
GCACTTT,dfrA15,8018
AACCGCT,dfrA15,7820
GATATCG,bfpA82,7811
CTGACAC,dfrA15,7804
TGCCCAA,dfrA15,7666
GCAACGA,uidA616,7430
TAGATGA,aph6I29,7397
TCGCGTT,dfrA15,7264
AGTCGTG,dfrA15,7246
AACAGTG,dfrA15,7239
GTGAAGA,dfrA15,7140
TCGCTAG,uidA160,7099
TCGCTAG,dfrA243,7085
GATATCG,invE132,7072
ACACGTG,dfrA15,7035
TCGTACA,dfrA15,7025
TGACTCT,dfrA15,6988
TAGATGA,qnrB7,6950
TCGCTAG,trpA354,6904
TAGATGA,trpA354,6641
CACAGAT,dfrA15,6608
GATATCG,ipaH921,6571
TTCCAGG,dfrA243,6522
AGCTGTA,astA13,6335
TCGCTAG,qnrB7,6307
ACAAAGC,aph6I29,6179
CAATCAC,aph6I29,6082
AAAAGGC,dfrA243,5978
AACGTGT,dfrA15,5955
AGCTGTA,uidA616,5858
GCCTATA,dfrA15,5783
CCGACAT,uidA616,5703
ACGTCAT,dfrA15,5637
GCCATAC,uidA616,5625
TAGAGCG,uidA616,5625
GATATCG,sul336,5594
GCAACGA,dfrA243,5581
GGTCTTG,uidA616,5462
TCCTCAT,uidA616,5418
ATAGAGC,dfrA15,5411
CGGATGA,dfrA15,5375
TCGCTAG,aph6I29,5270
ACAAAGC,qnrB7,5222
CCGACAT,dfrA243,5121
TATCGTC,dfrA243,5115
GATATCG,dfrA369,5092
TGTATGT,uidA616,5086
AAAAGGC,aph6I29,5007
TTCCAGG,aph6I29,5006
CTGCTGT,uidA616,4972
CAATCAC,dfrA243,4950
TAGATGA,uidA160,4922
ATGGTTG,aph6I29,4921
GTCGTAT,uidA616,4904
GTTTCGG,uidA616,4903
CATACGT,aatA12314,4824
TATCGTC,aph6I29,4810
AAAAGGC,trpA354,4777
ATGGTTG,uidA160,4745
CAATCAC,trpA354,4700
GTTGCTA,uidA616,4690
GCAACGA,aph6I29,4542
CCGACAT,aph6I29,4518
ATCATTA,tetA13,4450
TTCCAGG,qnrB7,4424
AACACCT,aph6I29,4334
TTGCTAC,dfrA243,4300
AACACCT,uidA616,4292
AAAAGGC,qnrB7,4269
GATATCG,dfrA58,4267
CCGACAT,chuA24,4262
CATACGT,aph6I29,4201
TTGCTAC,aph6I29,4201
CACGTTT,aph6I29,4140
GTGAAGA,astA13,4122
ATCCAGT,uidA616,4120
TTCCAGG,uidA616,4102
TTGCTAC,uidA616,3994
CACGTTT,uidA160,3948
ATGGTTG,astA13,3921
TGCAAAC,uidA616,3915
GTTCTGG,sul336,3866
ATGGTTG,uidA616,3861
ATGGTTG,aac3II63,3849
GTTCTGG,aph6I29,3769
TCGCGTT,astA13,3751
TATGCAG,dfrA15,3745
CAATCAC,qnrB7,3729
GATATCG,sul15,3712
GCAACGA,qnrB7,3615
AAACCCT,uidA616,3605
AGCTGTA,aatA12314,3557
TATCGTC,qnrB7,3524
TAGATGA,ipaH921,3509
CCGACAT,qnrB7,3501
GCAACGA,trpA354,3475
ACAAAGC,dfrA243,3335
AAAAGGC,uidA160,3332
GGACCTA,uidA616,3328
ATGGTTG,aac6I123,3316
TAGAGCG,aatA12314,3313
TATCGTC,uidA616,3284
ACAAAGC,uidA160,3283
GGTCTTG,aatA12314,3279
TCGCTAG,Tsp19,3273
CACGTTT,dfrA243,3263
CTTTCCA,tetA13,3247
GTTCTGG,tetA13,3240
TCGCTAG,bfpA82,3221
CACGTTT,trpA354,3181
CATACGT,trpA354,3121
ACATTCA,astA13,3092
CAATCAC,uidA160,3083
GCTTTCT,astA13,3075
ACTGTGT,dfrA243,3027
GCCATAC,aph6I29,2951
ACGGAAC,dfrA15,2950
TGTATGT,aph6I29,2940
GTTCTGG,uidA160,2939
GGTCTTG,aph6I29,2930
AGCTGTA,aph6I29,2922
GTGCTAT,uidA616,2915
CATACGT,dfrA243,2864
TTGCTAC,qnrB7,2855
TAGATGA,bfpA82,2854
GATATCG,stx1301,2852
TCGCTAG,invE132,2845
CTGCTGT,aph6I29,2844
GATATCG,mcr28,2835
TAGATGA,mcr28,2828
ACAAAGC,trpA354,2822
TCGCTAG,ipaH921,2820
ACTGTGT,qnrB7,2785
GCAAATG,uidA616,2781
AACACCT,qnrB7,2778
TAGATGA,dfrA58,2744
CTGCTGT,dfrA243,2743
GATATCG,eae6271,2710
TGTAGGG,uidA616,2674
GTTCTGG,qnrB7,2662
CATACGT,qnrB7,2660
GCTTTCT,uidA616,2660
TAGATGA,Tsp19,2658
ATCATTA,uidA616,2653
CTACGTT,uidA616,2629
AACCAAG,uidA616,2625
ACTGTGT,aph6I29,2582
GCAACGA,uidA160,2566
AACACCT,dfrA243,2556
CATACGT,uidA160,2550
ACGTTGC,uidA616,2518
CATACGT,yjaA12,2476
TGTATGT,dfrA243,2437
AGAAGAC,dfrA15,2426
CACGTTT,qnrB7,2405
TGCAAAC,aph6I29,2397
GTTCTGG,trpA354,2371
AACACCT,aatA12314,2353
CGCATAC,uidA616,2345
GGACCTA,qnrB7,2321
TGTATGT,trpA354,2310
GAATCGA,uidA616,2289
CCGACAT,trpA354,2280
GTTCTGG,intI125,2274
GAACTGA,uidA616,2255
TTCCAGG,trpA354,2240
ATCATTA,aph6I29,2238
CTGCTGT,trpA354,2238
CAATCAC,ipaH921,2229
ACCAGAT,uidA616,2207
TTCCAGG,mcr28,2206
TTCCAGG,ipaH921,2194
CTGGTAC,uidA616,2182
AAAAGGC,ipaH921,2171
GTCGTAT,uidA160,2165
GTTTCGG,uidA160,2151
ACAAAGC,Tsp19,2142
AGCTGTA,qnrB7,2131
TGTATGT,qnrB7,2128
TAGAGCG,aph6I29,2110
ATCATTA,dfrA243,2106
CAATCAC,dfrA58,2104
TCCTCAT,uidA160,2103
TTCCAGG,bfpA82,2098
TAGATGA,dfrA369,2086
ACAAAGC,ipaH921,2082
TAGAGCG,trpA354,2072
GTCGTAT,aph6I29,2066
GTCGTAT,trpA354,2032
CCGACAT,uidA160,2024
TACCTTC,uidA616,2020
CAATCAC,Tsp19,2005
GGTCTTG,qnrB7,2004
GTTCTGG,Tsp19,2003
AGCAAAC,uidA616,1994
TCGCTAG,aadA57,1993
TATCGTC,ipaH921,1978
GCAACGA,ipaH921,1952
GTCGTAT,dfrA243,1952
GATTGGC,astA13,1949
TCGCTAG,aatA12314,1945
TCCTCAT,aph6I29,1939
CCGACAT,ipaH921,1938
TGGGTGA,uidA616,1933
AAAAGGC,mcr28,1913
GTCTTCT,uidA616,1912
TCCTCAT,qnrB7,1909
TTGCTAC,trpA354,1902
GTTTCGG,aph6I29,1900
GCCATAC,uidA160,1892
GCCATAC,aadA57,1889
TAGATGA,sul15,1887
AAAAGGC,dfrA58,1883
CCACTAG,uidA616,1877
AAAAGGC,Tsp19,1871
TCGCTAG,sul22,1868
TAGAGCG,uidA160,1860
GTCGTAT,qnrB7,1842
TCGCTAG,dfrA58,1839
GTTTCGG,trpA354,1836
TAGAGCG,yjaA12,1833
GCAACGA,dfrA58,1823
GCCATAC,trpA354,1820
TAGATGA,invE132,1820
TAAGATA,aph6I29,1817
TCTGGAA,uidA616,1804
GCAACGA,mcr28,1793
TAGAGCG,dfrA243,1791
CTGCTGT,qnrB7,1790
GGACCTA,aph6I29,1787
GTTCTGG,dfrA243,1779
CGCATAC,chuA24,1776
TTCCAGG,dfrA58,1773
CATCGGT,uidA616,1769
AAGCACA,uidA616,1766
TATCGTC,trpA354,1760
GTTGCTA,aph6I29,1758
GATATCG,tetB43,1743
TTGCTAC,ipaH921,1742
TTCCAGG,invE132,1740
TGCAAAC,qnrB7,1728
GATATCG,tetA13,1706
GTTTCGG,qnrB7,1689
TTCCAGG,uidA160,1688
AAAAGGC,bfpA82,1686
ATCATTA,qnrB7,1670
TATCGTC,dfrA58,1670
GTCTTCT,aph6I29,1664
TCGCTAG,dfrA369,1662
ACAGGAT,aph6I29,1659
ACGTTGC,aph6I29,1655
CCGACAT,dfrA58,1650
TAAGATA,uidA616,1649
ATGGTTG,aadA1,1645
CTGCTGT,uidA160,1634
CTACGTT,aph6I29,1632
TCGCTAG,mcr28,1628
GTTCTGG,aadA1,1621
TCCTCAT,trpA354,1619
TGCAAAC,dfrA243,1619
ACAAAGC,dfrA58,1601
GCCATAC,dfrA243,1589
ACATTCA,uidA616,1585
TAGATGA,sul336,1581
GCCATAC,tetB43,1570
TCTGGAA,aph6I29,1566
CGCATAC,aph6I29,1555
AGCTGTA,uidA160,1549
CATACGT,ipaH921,1546
AGCAAAC,aph6I29,1544
GCCATAC,qnrB7,1539
AAACCCT,aph6I29,1524
GCAACGA,bfpA82,1522
ATCCAGT,uidA160,1521
GGTCATG,uidA616,1520
GTCTTCT,qnrB7,1509
GTGCTAT,trpA354,1507
GAATCGA,aph6I29,1505
TCCTCAT,dfrA243,1487
GTTTCGG,Tsp19,1486
TTGCTAC,dfrA58,1486
TGTATGT,uidA160,1471
CATGAAG,uidA616,1460
GTTGCTA,qnrB7,1460
TCGCTAG,sul336,1452
CACGTTT,ipaH921,1450
GTTCTGG,aac6I123,1446
TAGAGCG,qnrB7,1446
AACACCT,ipaH921,1441
AATGCCT,uidA616,1437
CACGTTT,dfrA58,1437
GGTCTTG,trpA354,1435
GTTTCGG,dfrA243,1434
ACATTCA,aph6I29,1421
GGTCTTG,uidA160,1413
ACAGGAT,uidA616,1401
CCATCTC,dfrA15,1400
GGACCTA,uidA160,1393
CCATTCA,uidA616,1392
TACCTTC,qnrB7,1389
CATACGT,dfrA58,1384
GCAACGA,Tsp19,1384
AACACCT,trpA354,1378
CGTTTCA,aph6I29,1362
AAACCCT,qnrB7,1355
AGCTGTA,trpA354,1354
GTCGTAT,Tsp19,1354
TCGCTAG,sul15,1352
TTCCAGG,dfrA369,1349
CCGACAT,bfpA82,1339
CGCATAC,qnrB7,1336
GATATCG,ant2Ia1,1335
GCTTTCT,aatA12314,1334
TCTTCGT,dfrA243,1330
TCCTCAT,Tsp19,1328
ACAAAGC,sul15,1327
CTTTCCA,uidA616,1322
GATATCG,sul22,1321
CTACGTT,qnrB7,1316
TGCAAAC,trpA354,1316
GTTGCTA,aatA12314,1313
ATCATTA,trpA354,1308
GGTCTTG,dfrA243,1308
AGTCGTG,uidA616,1302
TTGCTAC,uidA160,1302
TCGCTAG,aac6I123,1301
GGTCATG,chuA24,1298
TGCATCC,aph6I29,1289
GTGCTAT,dfrA243,1288
ACAAAGC,bfpA82,1284
TGCAAAC,uidA160,1284
AACACCT,dfrA58,1275
ATCCTCG,uidA616,1265
CAGTAGG,uidA616,1264
GAATCGA,dfrA243,1259
TAAGATA,dfrA243,1257
TCTTCGT,qnrB7,1257
TACCTTC,aph6I29,1254
CTGCTGT,Tsp19,1246
GCTTTCT,aph6I29,1245
TTCCAGG,sul15,1244
GATATCG,yjaA12,1237
ATCCTCG,dfrA243,1234
AAAAGGC,dfrA369,1231
GCACTTT,uidA616,1227
GTGCTAT,uidA160,1227
TAAGATA,stx23291,1221
ACGTTGC,qnrB7,1212
ATGGTTG,sul15,1209
TATCGTC,bfpA82,1202
ATCCTCG,aph6I29,1197
TGACTCT,tetA13,1193
AGCTGTA,dfrA243,1192
ATGGTTG,qnrB7,1188
GCCATAC,Tsp19,1187
CAATCAC,sul15,1183
AACACCT,yjaA12,1179
ATGGTTG,dfrA58,1179
CAATCAC,bfpA82,1165
AAAAGGC,invE132,1164
CACAGAT,uidA616,1163
TAGATGA,tetA13,1150
CCGACAT,mcr28,1149
CACAGAT,astA13,1147
TGGGTGA,aph6I29,1144
GTGCTAT,aph6I29,1126
GATATCG,eltA73,1125
TTCCAGG,sul336,1125
GAATCGA,qnrB7,1123
TGTATGT,Tsp19,1123
GGACCTA,dfrA243,1121
GTTCTGG,ipaH921,1120
CTGACAC,uidA616,1114
AATGCCT,aph6I29,1108
TATCGTC,uidA160,1103
TGTATGT,ipaH921,1101
CTGCTGT,ipaH921,1097
TGTGAAC,dfrA15,1097
AACCAAG,uidA160,1094
GAACTGA,aph6I29,1094
AAAAGGC,sul15,1093
TAGAACG,dfrA243,1089
TTGCTAC,bfpA82,1089
GTTGCTA,trpA354,1076
CAATCAC,tetA13,1069
GCAAATG,trpA354,1069
CCGACAT,sul15,1061
AGCAAAC,dfrA243,1056
TAAGATA,qnrB7,1055
TGTAGGG,uidA160,1055
ACTGTGT,mcr28,1054
GATTGGC,uidA616,1051
TAGAACG,qnrB7,1050
ACTGTGT,ipaH921,1048
AACACCT,uidA160,1036
GTGCTAT,qnrB7,1032
GATATCG,gadph195,1031
GTTGCTA,uidA160,1031
GCAAATG,aph6I29,1024
AACCAAG,aph6I29,1023
TGCATCC,dfrA243,1023
GGACCTA,Tsp19,1018
GGTCATG,aph6I29,1017
TATCGTC,sul15,1008
ATCCAGT,aph6I29,1004
GCAACGA,sul15,1003
AACCAAG,trpA354,999
ACTGTGT,dfrA369,998
GTGATAC,aph6I29,998
TATCGTC,mcr28,998
GCAACGA,invE132,996
AAAAGGC,sul336,986
ACATTCA,qnrB7,986
CATCGGT,aph6I29,980
CCACTAG,aph6I29,973
CGTTTCA,uidA616,973
CTGCTGT,dfrA58,973
TCTTCGT,aph6I29,973
AAACCCT,uidA160,970
GCAACGA,dfrA369,970
TACCTTC,dfrA243,969
ATAGAGC,uidA616,968
AACCGCT,uidA616,952
AATGCCT,dfrA243,952
ACTGTGT,dfrA58,948
CCGACAT,arpA19,948
TAGATGA,ant2Ia1,948
TGCAAAC,ipaH921,936
CTGGTAC,aph6I29,935
ATCATTA,uidA160,930
ACAAAGC,sul336,921
CGTTTCA,dfrA243,921
TGCATCC,qnrB7,917
ATCCTCG,chuA24,915
AGCAAAC,trpA354,914
CTTTCCA,aph6I29,911
GTTCTGG,dfrA58,911
TGCAAAC,Tsp19,911
TGTATGT,dfrA58,911
TTGCTAC,sul15,910
AACGTGT,uidA616,909
CAGTAGG,chuA24,906
CATACGT,sul15,901
ACGTTGC,dfrA243,898
ACCAGAT,qnrB7,897
AGCTGTA,ipaH921,896
AATGCCT,aatA12314,895
CCGACAT,sul336,894
AACACCT,sul15,893
CTACGTT,dfrA243,892
ACAAAGC,tetA13,886
TAGAACG,aph6I29,885
GCTTTCT,trpA354,880
ACCAGAT,aph6I29,878
AACGTGT,astA13,874
GTGTCCT,uidA616,874
TCGCTAG,stx1301,873
CACGTTT,bfpA82,871
GGTCATG,qnrB7,870
CGATCAC,uidA616,869
GAATCGA,uidA160,868
CTGCTGT,aatA12314,866
GAACTGA,qnrB7,866
AACCAAG,qnrB7,865
ACGTTGC,trpA354,865
GATATCG,chuA24,862
ATCATTA,ipaH921,861
TATCGTC,tetA13,861
GGACCTA,aatA12314,860
GCAACGA,sul336,859
ATCCTCG,qnrB7,857
AAAAGGC,tetA13,852
CGCATAC,trpA354,852
ATGGTTG,gadph195,851
GTGATAC,qnrB7,850
GTCCTCT,uidA616,849
TTCCAGG,Tsp19,846
ACCAGAT,dfrA243,844
AACCAAG,Tsp19,843
AAGCACA,trpA354,840
CGGATGA,uidA616,840
ACCAGAT,trpA354,838
GTGATAC,stx23291,838
CATACGT,bfpA82,835
CTACGTT,uidA160,832
AATGCCT,qnrB7,827
GTGATAC,uidA616,827
GCAAATG,dfrA243,826
ACACGTG,uidA616,815
ACGTCAT,uidA616,814
CCGACAT,invE132,814
GCCATAC,aac6I123,814
CCATTCA,aph6I29,811
TCCTCAT,ipaH921,810
TCGCTAG,intI125,810
GTGTCCT,aph6I29,807
TCGTACA,uidA616,807
CATGAAG,aatA12314,805
GCTTTCT,qnrB7,801
TGCATCC,uidA616,801
GTCGTAT,ipaH921,800
GCTTTCT,uidA160,798
ATCCAGT,dfrA243,793
CTGGTAC,uidA160,793
TAGAGCG,ipaH921,793
CACGTTT,sul15,792
CTGACAC,aph6I29,792
CGTTTCA,qnrB7,791
GAATCGA,trpA354,782
GGTCTTG,ipaH921,782
ACGTTGC,uidA160,780
GCAAATG,qnrB7,776
GCTTTCT,dfrA243,776
GCCATAC,ipaH921,775
GGACCTA,trpA354,774
TCGCTAG,eae6271,771
TGGGTGA,uidA160,771
AGCAAAC,uidA160,770
TATCGTC,sul336,770
GTTCTGG,sul15,767
CAATCAC,sul336,760
ACTGTGT,bfpA82,758
TAGAGCG,dfrA58,757
TACCTTC,uidA160,756
AAACCCT,Tsp19,755
AACCAAG,dfrA243,752
ACAGGAT,qnrB7,750
CCATTCA,qnrB7,750
GCCATAC,intI125,750
TGGGTGA,trpA354,750
GTTGCTA,Tsp19,749
TACCTTC,mphA18,748
GATTGGC,aph6I29,746
ATCATTA,dfrA58,744
ACAAAGC,invE132,740
GTTTCGG,ipaH921,739
TTGCTAC,Tsp19,738
GGACCTA,bfpA82,735
CATCGGT,qnrB7,733
GCAAATG,uidA160,733
GGTCTTG,dfrA58,733
TCTGGAA,uidA160,732
AGCAAAC,qnrB7,731
CTACGTT,trpA354,731
CTGCTGT,bfpA82,731
AGTCGTG,aph6I29,727
GGTCATG,dfrA243,727
GTCGTAT,bfpA82,724
TATGCAG,astA13,723
GCAAATG,aatA12314,719
TCGTACA,qnrB7,719
TGGGTGA,qnrB7,719
GCAACGA,tetA13,717
AGCAAAC,yjaA12,716
GCCTATA,uidA616,716
TCGCTAG,ant2Ia1,715
GTCCTCT,dfrA243,711
GTTGCTA,dfrA243,709
AAGCACA,dfrA243,708
CCACTAG,qnrB7,708
TGTAGGG,aph6I29,707
GTCTTCT,sul15,705
TTCCAGG,tetA13,705
CGCATAC,dfrA243,703
AAACCCT,trpA354,699
TGTATGT,bfpA82,698
AACACCT,bfpA82,696
TGCAAAC,dfrA58,696
GTGCTAT,aatA12314,695
TACCTTC,trpA354,695
TCGCTAG,tetA13,695
CTGGTAC,trpA354,694
AAACCCT,dfrA243,689
TTGCTAC,tetA13,687
CGATCAC,chuA24,685
GGACCTA,ipaH921,685
CTGGTAC,Tsp19,684
ACACGTG,qnrB7,683
ATCCAGT,trpA354,681
ATCCAGT,qnrB7,679
CCGACAT,tetA13,679
TGGGTGA,dfrA243,679
CTGACAC,qnrB7,678
CATACGT,tetA13,676
CTTTCCA,qnrB7,676
CCGACAT,dfrA369,675
TAGATGA,eae6271,674
CTACGTT,Tsp19,673
TACCTTC,sul15,673
TGGGTGA,aadA57,672
CTGGTAC,qnrB7,670
GAACTGA,uidA160,669
TCCTCAT,bfpA82,669
GTGTCCT,qnrB7,667
TATCGTC,invE132,666
TCTTCGT,mcr28,665
AGCTGTA,dfrA58,662
GTCGTAT,dfrA58,662
CAGTAGG,aph6I29,661
TCGTACA,aph6I29,658
TCTGGAA,yjaA12,657
ACGGAAC,uidA616,656
TAAGATA,trpA354,655
GCCATAC,dfrA58,650
AAGCACA,aph6I29,649
ACACGTG,aph6I29,649
GTTCTGG,bfpA82,647
ACAAAGC,dfrA369,645
TCTTCGT,dfrA369,643
AGTCGTG,tetA13,642
CACAGAT,aatA12314,640
CACAGAT,aph6I29,640
CCACTAG,aadA57,632
GGTCTTG,sul15,632
CACGTTT,tetA13,630
TAAGATA,ipaH921,629
AACACCT,tetA13,627
TCTGGAA,qnrB7,625
TGCCCAA,uidA616,625
ATCATTA,Tsp19,623
CTGGTAC,dfrA243,623
AACAGTG,uidA616,622
ATAGAGC,aatA12314,622
CCACTAG,uidA160,620
GTCTTCT,mphA18,615
TAGATGA,stx1301,609
TATCGTC,dfrA369,609
CGCATAC,yjaA12,606
TTGCTAC,sul336,602
TCCTCAT,dfrA58,599
GTCCTCT,aph6I29,598
CATGAAG,aph6I29,591
CTGCTGT,sul15,589
GTTTCGG,bfpA82,589
TGTATGT,sul15,589
GTTTCGG,tetA13,588
TTCCAGG,ant2Ia1,586
ATCATTA,bfpA82,584
AAAAGGC,ant2Ia1,582
AACGTGT,aatA12314,582
AATGCCT,yjaA12,582
AATGCCT,uidA160,580
CATACGT,sul336,579
CGATCAC,dfrA243,578
GTCGTAT,invE132,578
TAAGATA,dfrA58,578
CAATCAC,ant2Ia1,576
ACTGTGT,invE132,575
GCACTTT,aph6I29,573
AAGCACA,qnrB7,572
AATGCCT,trpA354,572
TTGCTAC,invE132,572
TCTGGAA,trpA354,567
GTTGCTA,yjaA12,562
TTCCAGG,eae6271,559
GTTTCGG,dfrA58,556
CGATCAC,aph6I29,554
GTGCTAT,Tsp19,554
TGTAGGG,qnrB7,553
TTGCTAC,mcr28,553
GTCTTCT,dfrA243,551
ACAGGAT,yjaA12,550
AACAGTG,aph6I29,549
AGCTGTA,sul15,549
ATAGAGC,aph6I29,548
GATTGGC,qnrB7,548
ACCAGAT,Tsp19,547
ACATTCA,dfrA243,546
CGATCAC,qnrB7,544
GTGTCCT,aatA12314,544
TGCCCAA,aph6I29,539
ACGTTGC,ipaH921,537
ACTGTGT,sul15,537
GAATCGA,ipaH921,536
CAGTAGG,qnrB7,531
CATCGGT,uidA160,530
GAACTGA,Tsp19,530
ACGTTGC,dfrA58,529
GAATCGA,Tsp19,529
GCACTTT,uidA160,529
TAAGATA,stx2181,529
ACGTCAT,aph6I29,528
GCAACGA,ant2Ia1,528
GCACTTT,qnrB7,527
TGGGTGA,tetB43,527
CACGTTT,sul336,526
ACGTTGC,Tsp19,525
TGACTCT,aph6I29,524
TGCAAAC,bfpA82,524
ACAGGAT,uidA160,523
TCCTCAT,invE132,523
TAGAACG,dfrA369,522
GTGATAC,stx2181,516
CTACGTT,ipaH921,515
TTCCAGG,stx1301,515
AAACCCT,tetA13,514
CCACTAG,trpA354,513
AACCGCT,aph6I29,512
AGTCGTG,sul336,512
TAGAGCG,bfpA82,512
GCAAATG,Tsp19,511
TAGAACG,mcr28,511
TCTGGAA,dfrA243,511
GGACCTA,dfrA369,509
TCCTCAT,sul15,509
TCGCGTT,aph6I29,509
ATCCTCG,trpA354,507
GAACTGA,trpA354,507
TACCTTC,Tsp19,504
TCGCGTT,uidA616,504
TCGCTAG,yjaA12,504
CCGACAT,ant2Ia1,503
TACCTTC,eltA73,500
GATATCG,stx23291,495
CCACTAG,tetB43,494
GAACTGA,dfrA243,493
TGACTCT,uidA616,493
TATCGTC,ant2Ia1,491
CATCGGT,dfrA243,490
CGTTTCA,ipaH921,490
GTCGTAT,sul15,489
GTGCTAT,ipaH921,489
TGCAAAC,sul15,489
ACGTCAT,qnrB7,488
CACAGAT,qnrB7,488
GCCATAC,sul22,488
TGACTCT,dfrA243,488
CGCATAC,ipaH921,487
ATCCTCG,ipaH921,484
TCGCGTT,dfrA243,484
CATGAAG,trpA354,483
AAGCACA,uidA160,482
CATGAAG,uidA160,482
CTGCTGT,invE132,480
GTTTCGG,invE132,480
GTCTTCT,uidA160,477
TTGCTAC,ant2Ia1,477
GTGCTAT,yjaA12,476
CGTTTCA,aatA12314,475
AACACCT,sul336,473
AACAGTG,qnrB7,473
GTTGCTA,ipaH921,469
CCACTAG,dfrA243,467
GCCATAC,bfpA82,467
AGAAGAC,uidA616,466
GGACCTA,invE132,466
GAATCGA,dfrA58,465
CATGAAG,qnrB7,463
GTGATAC,dfrA243,462
TCGCTAG,tetB43,462
GTGAAGA,dfrA243,461
AAACCCT,ipaH921,460
AATGCCT,ipaH921,459
GTCTTCT,aadA57,459
CTTTCCA,dfrA243,458
GTCCTCT,qnrB7,458
TGTATGT,invE132,457
AGCTGTA,bfpA82,455
CTACGTT,dfrA58,455
TGCATCC,aatA12314,454
AACAGTG,aatA12314,453
GTGTCCT,dfrA243,453
TAGAGCG,sul15,451
TATGCAG,uidA616,451
TGCATCC,ipaH921,451
TATCGTC,Tsp19,449
AAGCACA,Tsp19,448
CATCGGT,trpA354,448
TACCTTC,ipaH921,448
GCCATAC,sul15,447
TCGCGTT,qnrB7,447
CAGTAGG,dfrA243,446
ATAGAGC,qnrB7,444
CTGCTGT,sul336,443
TGTAGGG,dfrA243,442
CGTTTCA,dfrA58,441
ACATTCA,uidA160,440
ACCAGAT,uidA160,440
CAATCAC,invE132,440
GCTTTCT,ipaH921,440
TAGATGA,sul22,440
AGCAAAC,ipaH921,437
TGGGTGA,Tsp19,437
AGTCGTG,qnrB7,436
GGACCTA,dfrA58,436
CAGTAGG,trpA354,435
ACTGTGT,tetA13,434
CATGAAG,dfrA243,434
GGTCATG,trpA354,433
GTTGCTA,tetA13,432
ACTGTGT,sul336,431
CGTTTCA,trpA354,431
CCACTAG,Tsp19,430
GTGAAGA,aph6I29,429
TGTATGT,sul336,429
TGTATGT,tetA13,429
ACAAAGC,ant2Ia1,428
GTTTCGG,sul15,428
TGCCCAA,qnrB7,428
TAAGATA,uidA160,427
TAGAGCG,arpA19,427
AACCAAG,ipaH921,426
TACCTTC,aadA57,426
TAGATGA,tetB43,426
GGACCTA,sul15,425
CATCGGT,Tsp19,422
GTGCTAT,bfpA82,422
CGGATGA,aph6I29,419
TCTTCGT,bfpA82,418
AAAAGGC,eae6271,417
GTCCTCT,trpA354,417
GGTCTTG,bfpA82,415
CGGATGA,tetA13,414
AACCGCT,qnrB7,411
TCTTCGT,ipaH921,411
ATCATTA,sul15,409
CCATCTC,astA13,409
GTGAAGA,uidA616,409
AACGTGT,aph6I29,408
GAATCGA,bfpA82,408
ACATTCA,ipaH921,407
GCACTTT,dfrA243,407
TAGATGA,yjaA12,407
GCACTTT,Tsp19,406
AGTCGTG,uidA160,405
GTCGTAT,dfrA369,404
TCCTCAT,sul336,404
TCGCTAG,chuA24,404
TACCTTC,dfrA58,403
GTCTTCT,eltA73,402
GCACTTT,trpA354,401
TCTTCGT,invE132,401
ATGGTTG,dfrA1,398
CTTTCCA,uidA160,397
GTCTTCT,ipaH921,397
GTTGCTA,dfrA58,397
CATACGT,invE132,396
ACAGGAT,aatA12314,395
ACATTCA,trpA354,394
TCCTCAT,dfrA369,394
GTCGTAT,sul336,393
TGCATCC,dfrA58,393
AGCTGTA,tetA13,391
TAGATGA,chuA24,391
TCTTCGT,dfrA58,391
AAAAGGC,stx1301,390
CATACGT,arpA19,389
GCTTTCT,dfrA58,389
GTGCTAT,dfrA58,388
AGCAAAC,aatA12314,387
GTGAAGA,qnrB7,384
CGGATGA,sul336,383
GCAACGA,eae6271,382
TGCCCAA,dfrA243,382
AGCAAAC,arpA19,381
AGCAAAC,dfrA58,381
GCAACGA,stx1301,380
TAAGATA,sul15,380
AACGTGT,qnrB7,378
GTCTTCT,Tsp19,378
GCCTATA,aph6I29,377
GTGTCCT,yjaA12,376
AACCGCT,uidA160,374
TCTGGAA,aatA12314,374
AGTCGTG,trpA354,372
TAGAACG,ipaH921,371
ACAGGAT,dfrA243,370
GGTCTTG,tetA13,370
CGCATAC,dfrA58,369
CATACGT,ant2Ia1,367
AAACCCT,dfrA58,366
ACAAAGC,stx1301,366
CACGTTT,ant2Ia1,366
GCAAATG,ipaH921,366
GCAAATG,yjaA12,366
TGCAAAC,invE132,366
GTCTTCT,trpA354,365
GTTGCTA,sul15,365
ATCCTCG,bfpA82,364
GATTGGC,dfrA243,364
GTGCTAT,invE132,364
ATCATTA,sul336,363
ATCCTCG,dfrA58,362
CTGCTGT,tetA13,362
TGCAAAC,sul336,362
TACCTTC,bfpA82,359
ACAAAGC,mcr28,358
CTACGTT,sul15,358
GTTCTGG,invE132,358
CGCATAC,Tsp19,357
TTCCAGG,chuA24,356
CCATTCA,uidA160,355
GTTTCGG,aatA12314,355
GTTTCGG,sul22,355
GTTTCGG,aadA57,354
AAACCCT,sul15,353
ACAGGAT,trpA354,352
AGTCGTG,Tsp19,351
TCGCTAG,gadph195,351
AACACCT,ant2Ia1,350
TAGAACG,bfpA82,350
AATGCCT,dfrA58,349
TAAGATA,Tsp19,349
TGTATGT,ant2Ia1,347
ACACGTG,mphA18,346
ACGTTGC,sul15,346
AGTCGTG,dfrA243,346
CACAGAT,uidA160,346
GTGCTAT,mcr28,342
GCAAATG,dfrA58,341
TAAGATA,stx1301,341
TTGCTAC,dfrA369,341
GCCTATA,qnrB7,340
TGACTCT,qnrB7,340
TGCATCC,trpA354,340
AGCAAAC,bfpA82,338
CTACGTT,bfpA82,337
CGCATAC,bfpA82,336
GTGCTAT,tetA13,336
AAACCCT,aatA12314,335
CCATTCA,dfrA243,335
CCGACAT,stx1301,335
AGCTGTA,sul336,334
GATATCG,aac3VI23,334
TTCCAGG,tetB43,334
CAATCAC,mcr28,333
TTCCAGG,yjaA12,333
AACCGCT,dfrA243,332
CTGCTGT,ant2Ia1,332
TCTGGAA,ipaH921,331
ACCAGAT,ipaH921,330
GAACTGA,ipaH921,330
GTCCTCT,uidA160,330
GTTTCGG,sul336,330
TGTAGGG,trpA354,330
AACCAAG,tetA13,329
GTTTCGG,dfrA369,329
AGTCGTG,intI125,327
CGGATGA,qnrB7,327
TAGAACG,invE132,326
ACATTCA,Tsp19,325
CCATTCA,Tsp19,323
GCCATAC,invE132,323
GAATCGA,sul15,321
CTGACAC,uidA160,320
TAGAGCG,tetA13,320
AAAAGGC,yjaA12,319
AACGTGT,yjaA12,319
CTTTCCA,Tsp19,319
ACACGTG,sul15,318
ACCAGAT,dfrA58,318
GTGCTAT,arpA19,318
GGACCTA,sul336,317
TGGGTGA,aac6I123,317
TGGGTGA,ipaH921,317
AATGCCT,bfpA82,316
ACGTTGC,bfpA82,316
CAGTAGG,yjaA12,316
GCCATAC,tetA13,316
TAGAGCG,invE132,316
CATCGGT,ipaH921,315
GGTCATG,ipaH921,315
GTCTTCT,dfrA58,314
AACGTGT,uidA160,313
TTCCAGG,sul22,313
CGGATGA,uidA160,312
TGCAAAC,tetA13,312
TGCATCC,bfpA82,312
CGCATAC,sul15,311
ATCCAGT,dfrA58,310
TATGCAG,aph6I29,309
GCAAATG,tetA13,308
GTCGTAT,tetA13,308
GTTCTGG,dfrA369,308
AAAAGGC,tetB43,305
ACATTCA,dfrA58,305
TAGATGA,eltA73,305
ATCATTA,invE132,304
ATCCAGT,ipaH921,304
CCGACAT,eae6271,303
CGATCAC,trpA354,303
TACCTTC,aac6I123,303
TGTATGT,mcr28,302
AAAAGGC,sul22,301
ATCCTCG,yjaA12,301
ACTGTGT,ant2Ia1,300
AACCGCT,trpA354,299
AAGCACA,ipaH921,298
CTGCTGT,mcr28,298
CTGGTAC,tetA13,298
AACCAAG,dfrA58,297
GTGATAC,ipaH921,297
TAGAACG,dfrA58,297
GCAACGA,chuA24,296
GGTCATG,dfrA58,295
GTGCTAT,dfrA369,295
GTGTCCT,uidA160,295
ACCAGAT,bfpA82,294
TAGAGCG,sul336,294
AACAGTG,dfrA243,293
AACCAAG,bfpA82,293
GTTGCTA,bfpA82,293
CTTTCCA,trpA354,292
TGGGTGA,intI125,292
ATCCTCG,invE132,290
CACGTTT,invE132,290
GTCCTCT,mcr28,290
ATAGAGC,uidA160,287
GGTCATG,bfpA82,287
CTGGTAC,dfrA58,286
GGTCTTG,sul336,285
TAAGATA,bfpA82,285
AACACCT,invE132,284
ACATTCA,sul15,284
AAGCACA,bfpA82,283
ATCCTCG,mcr28,283
CTGGTAC,ipaH921,283
TAAGATA,tetA13,283
CGATCAC,ipaH921,281
TGCAAAC,dfrA369,279
CAATCAC,tetB43,278
CTTTCCA,ipaH921,278
GTGATAC,dfrA58,278
GATTGGC,uidA160,277
GCCATAC,sul336,276
GTTGCTA,aadA57,276
CGGATGA,intI125,275
GCCTATA,dfrA243,275
CTGACAC,dfrA243,274
GCAAATG,bfpA82,274
TCCTCAT,tetA13,273
TGGGTGA,bfpA82,272
ACAAAGC,sul22,271
CCACTAG,aac6I123,270
GAACTGA,dfrA58,270
TAGATGA,gadph195,270
ATCCAGT,sul15,269
TATCGTC,eae6271,269
TATCGTC,tetB43,269
ACAAAGC,chuA24,268
CAATCAC,dfrA369,268
GTGATAC,uidA160,268
TATCGTC,stx1301,268
TCTGGAA,dfrA58,267
ATCCAGT,bfpA82,266
ACGTTGC,tetA13,265
CATCGGT,aadA57,265
CGGATGA,dfrA243,265
ACAAAGC,tetB43,264
CTGCTGT,dfrA369,264
GAATCGA,invE132,264
TAGATGA,stx23291,264
TATCGTC,chuA24,264
TCTTCGT,sul15,264
TCGCTAG,eltA73,263
TGCCCAA,uidA160,263
AAACCCT,bfpA82,262
CCACTAG,intI125,261
CTTTCCA,dfrA58,261
CGTTTCA,tetA13,260
ACACGTG,dfrA243,259
CAATCAC,stx1301,259
TGCATCC,uidA160,259
CTACGTT,sul336,258
GATTGGC,trpA354,258
TGCATCC,sul15,258
CAATCAC,chuA24,256
CTGACAC,Tsp19,255
GCTTTCT,sul15,254
TGTAGGG,ipaH921,254
TGTATGT,dfrA369,254
GGTCATG,sul15,253
ACACGTG,uidA160,252
CGGATGA,trpA354,252
TGGGTGA,dfrA58,252
CAGTAGG,ipaH921,251
CGTTTCA,sul15,251
TCTTCGT,sul336,251
ACGGAAC,aph6I29,250
CCATTCA,trpA354,249
ACAGGAT,ipaH921,248
ATCATTA,mcr28,248
GCAACGA,tetB43,248
CTGGTAC,bfpA82,247
TTGCTAC,stx1301,247
CAGTAGG,Tsp19,246
GAACTGA,sul15,246
GTGTCCT,dfrA58,246
CCACTAG,ipaH921,244
GCAACGA,yjaA12,244
AAAAGGC,chuA24,243
AACCGCT,Tsp19,243
GTCGTAT,mcr28,243
TATGCAG,qnrB7,242
TCGCTAG,stx23291,242
ACGTCAT,uidA160,241
TTCCAGG,gadph195,241
CATCGGT,dfrA58,240
GTCCTCT,ipaH921,240
GATTGGC,Tsp19,239
CATACGT,dfrA369,238
GTGCTAT,sul15,238
ACAAAGC,yjaA12,237
ATCATTA,dfrA369,236
GATATCG,dfrA1,236
GCAAATG,sul15,236
ATCCTCG,sul15,235
CACAGAT,trpA354,235
GTCGTAT,ant2Ia1,235
CACAGAT,dfrA243,234
GTGTCCT,ipaH921,234
GAATCGA,tetA13,233
GCCTATA,uidA160,233
GTCTTCT,aac6I123,233
AATGCCT,sul15,230
AGCTGTA,dfrA369,230
AGCTGTA,invE132,230
GTGTCCT,trpA354,230
GGACCTA,tetA13,229
ACAAAGC,eae6271,228
CAATCAC,aac3VI23,226
GTTGCTA,sul336,226
CTACGTT,tetA13,225
GATTGGC,ipaH921,225
GTCCTCT,Tsp19,225
GTCCTCT,bfpA82,224
ACATTCA,bfpA82,223
GGACCTA,mcr28,223
GTGCTAT,sul336,223
AGAAGAC,aph6I29,222
CTACGTT,invE132,222
GCCTATA,trpA354,222
TAGATGA,aac3VI23,222
GAACTGA,bfpA82,221
TCGTACA,dfrA243,221
TGACTCT,trpA354,221
AGCAAAC,sul15,220
CCATTCA,dfrA58,220
ACCAGAT,sul15,219
CCACTAG,bfpA82,219
GTGATAC,sul15,219
TAGAACG,sul15,219
AACCGCT,ipaH921,218
AGTCGTG,aadA1,218
TAGAGCG,ant2Ia1,218
GTGATAC,stx1301,217
TTCCAGG,eltA73,217
GTGATAC,Tsp19,216
TCCTCAT,mcr28,216
AAGCACA,dfrA58,215
AGTCGTG,aac6I123,215
AGTCGTG,ipaH921,215
CCATTCA,ipaH921,215
CCGACAT,tetB43,215
ACGGAAC,uidA160,214
CATGAAG,ipaH921,214
CTGGTAC,sul15,214
GAATCGA,sul336,214
GTGAAGA,ipaH921,214
AACGTGT,dfrA243,213
AACGTGT,trpA354,212
AATGCCT,invE132,212
ACAGGAT,dfrA58,212
GGTCTTG,dfrA369,212
TACCTTC,invE132,212
TGCATCC,tetA13,212
AGAAGAC,qnrB7,211
CGATCAC,dfrA58,211
TCGTACA,uidA160,211
ACAAAGC,aac3VI23,210
AGCAAAC,invE132,210
ATAGAGC,dfrA243,210
CACGTTT,dfrA369,210
GGTCATG,uidA160,210
TCTGGAA,sul15,210
CCACTAG,dfrA58,209
GTCGTAT,stx1301,209
GTCTTCT,bfpA82,209
GTCCTCT,dfrA58,208
GTGATAC,trpA354,208
GTGTCCT,sul15,208
GTTCTGG,ant2Ia1,208
GTTTCGG,mcr28,208
CGTTTCA,uidA160,207
TGGGTGA,sul15,207
AACAGTG,uidA160,206
ACAGGAT,sul15,206
GCTTTCT,bfpA82,206
AACCAAG,sul15,205
ATCATTA,ant2Ia1,205
CAGTAGG,dfrA58,205
ACGTTGC,sul336,204
CATCGGT,sul15,204
CTGACAC,ipaH921,204
GGTCATG,invE132,204
ACGTCAT,dfrA243,203
CGATCAC,bfpA82,203
GCAACGA,sul22,203
TGCATCC,invE132,203
CATGAAG,dfrA58,202
AAAAGGC,gadph195,201
ACATTCA,tetA13,201
ATCCTCG,tetA13,201
CGCATAC,tetA13,201
GTGAAGA,trpA354,201
GTGATAC,bfpA82,201
ATCCTCG,Tsp19,200
CTGCTGT,stx1301,200
GCCTATA,Tsp19,200
TCGCGTT,dfrA58,199
TGTAGGG,dfrA58,199
TTGCTAC,chuA24,199
ACGTCAT,Tsp19,198
ATCCTCG,sul336,198
CCACTAG,sul22,198
CCGACAT,yjaA12,198
GCCATAC,ant2Ia1,198
TACCTTC,sul336,198
TCGCGTT,trpA354,198
TTGCTAC,tetB43,198
AAACCCT,dfrA369,197
AATGCCT,tetA13,197
CCATTCA,sul15,197
CGGATGA,Tsp19,197
TAAGATA,sul336,197
TGCCCAA,trpA354,197
AACACCT,dfrA369,196
AACCAAG,sul22,196
CACGTTT,stx1301,196
TACCTTC,tetA13,196
ACGGAAC,qnrB7,195
CTTTCCA,sul15,195
TGCAAAC,ant2Ia1,195
CCGACAT,sul22,194
TGTAGGG,bfpA82,194
CGTTTCA,bfpA82,193
GTCTTCT,tetA13,193
TGCAAAC,stx1301,193
TTGCTAC,eae6271,193
CGATCAC,uidA160,192
TAGAGCG,dfrA369,192
TTGCTAC,yjaA12,192
ACACGTG,aadA57,191
CACGTTT,mcr28,191
TCGCGTT,ipaH921,191
ACGTTGC,invE132,190
CGCATAC,invE132,190
GTCCTCT,invE132,190
TGCCCAA,ipaH921,190
CATCGGT,sul22,189
CTGACAC,trpA354,189
GCTTTCT,tetA13,189
TCGTACA,Tsp19,189
CCATTCA,bfpA82,188
GGACCTA,eae6271,188
GGTCTTG,invE132,188
TGGGTGA,invE132,188
CATACGT,mcr28,187
CATACGT,tetB43,187
GATTGGC,dfrA58,187
ACTGTGT,eae6271,186
ATCCAGT,tetA13,186
CAGTAGG,bfpA82,186
TATCGTC,sul22,186
TGACTCT,uidA160,186
AAACCCT,sul336,185
CAATCAC,sul22,185
GATATCG,stx2181,185
TCGTACA,ipaH921,184
TGGGTGA,sul22,184
TTCCAGG,aac3VI23,184
AAAAGGC,aac3VI23,183
ACGTCAT,aatA12314,183
CAATCAC,eltA73,183
CATACGT,stx1301,183
GTCTTCT,sul336,183
CGCATAC,sul336,182
GCCATAC,dfrA369,182
TATCGTC,yjaA12,182
TCGCGTT,uidA160,182
TGACTCT,ipaH921,182
TGCCCAA,dfrA58,182
AACACCT,tetB43,181
AGCAAAC,sul336,181
ATAGAGC,trpA354,181
AACCAAG,aadA57,180
CGCATAC,dfrA369,180
GAATCGA,dfrA369,180
ACCAGAT,invE132,179
TGCATCC,sul336,179
ACCAGAT,tetA13,178
CATACGT,chuA24,178
GCACTTT,ipaH921,178
TCTGGAA,bfpA82,178
AGCAAAC,tetA13,177
CATCGGT,bfpA82,177
GTTCTGG,mcr28,177
AACCAAG,invE132,176
ACACGTG,Tsp19,176
CTGGTAC,invE132,176
GTGAAGA,uidA160,176
TCTTCGT,tetA13,176
AAAAGGC,eltA73,175
AACCAAG,aatA12314,175
AGCAAAC,mcr28,175
ATCCTCG,dfrA369,175
GCAAATG,invE132,175
GCAACGA,aac3VI23,175
ATCCAGT,invE132,174
CAATCAC,yjaA12,174
GTTTCGG,stx1301,174
TGTAGGG,sul15,174
ACACGTG,trpA354,173
ACTGTGT,stx1301,173
CGGATGA,aac6I123,173
GTTGCTA,sul22,173
AACACCT,stx1301,172
CACGTTT,chuA24,172
TATCGTC,gadph195,172
TCCTCAT,stx1301,172
TGTATGT,stx1301,172
CATACGT,aac3VI23,171
CCGACAT,stx23291,171
ACAAAGC,stx23291,170
CACGTTT,aac3VI23,170
CCACTAG,sul15,170
CTACGTT,dfrA369,170
GTGTCCT,bfpA82,170
GTTCTGG,stx1301,170
GTTTCGG,ant2Ia1,170
CTGGTAC,aadA57,168
GTTGCTA,dfrA369,167
ACAAAGC,eltA73,166
ACACGTG,eltA73,166
AGCAAAC,dfrA369,166
CACAGAT,ipaH921,166
CCGACAT,eltA73,166
GTGAAGA,bfpA82,166
GTTCTGG,tetB43,166
GTTGCTA,invE132,166
GTTTCGG,aac6I123,166
TGCAAAC,mcr28,166
ACACGTG,ipaH921,165
GCACTTT,dfrA58,165
TCCTCAT,eae6271,164
AACAGTG,ipaH921,163
CATCGGT,aatA12314,163
TAGAACG,sul336,163
AGTCGTG,dfrA58,162
GTGAAGA,dfrA58,162
AAACCCT,invE132,161
CATACGT,sul22,161
CTTTCCA,bfpA82,161
GGACCTA,stx1301,161
TCGCGTT,bfpA82,161
ACAAAGC,gadph195,160
TCCTCAT,ant2Ia1,160
TACCTTC,eltB2318,159
TGCCCAA,Tsp19,159
CACGTTT,tetB43,158
GCACTTT,bfpA82,158
GGTCATG,sul336,158
AAGCACA,sul15,157
ATCCAGT,sul336,157
GGACCTA,tetB43,157
TAAGATA,ant2Ia1,156
AACCAAG,sul336,155
AAGCACA,invE132,155
CATCGGT,tetA13,155
GAACTGA,tetA13,154
GTGCTAT,ant2Ia1,154
TGTATGT,tetB43,154
ACCAGAT,sul336,153
ACGTCAT,ipaH921,153
GATATCG,aac6I123,153
TACCTTC,ant2Ia1,153
ACAGGAT,bfpA82,152
ATAGAGC,ipaH921,152
GAACTGA,invE132,152
AATGCCT,sul336,151
GTGATAC,tetA13,151
AAAAGGC,stx23291,150
AACAGTG,dfrA58,150
AGAAGAC,uidA160,150
AGCTGTA,ant2Ia1,150
CACAGAT,sul15,150
GTTCTGG,chuA24,150
TACCTTC,dfrA369,150
TCGTACA,trpA354,150
AACCGCT,bfpA82,149
CAGTAGG,sul15,149
CTGGTAC,sul22,149
CCGACAT,aac3VI23,148
GCTTTCT,sul336,148
TAGAGCG,mcr28,148
AACCGCT,dfrA58,147
CCGACAT,gadph195,147
GATTGGC,sul15,147
GGTCATG,tetA13,147
TATCGTC,eltA73,147
ACTGTGT,trpA354,146
CTGGTAC,aatA12314,146
TGACTCT,dfrA58,146
ACGTTGC,dfrA369,145
CAATCAC,stx23291,145
TATGCAG,dfrA243,145
TGCCCAA,bfpA82,145
CTGACAC,sul15,144
CTGCTGT,sul22,144
GAATCGA,stx1301,144
TATCGTC,aac3VI23,144
CCACTAG,invE132,143
GTTTCGG,intI125,143
TGGGTGA,tetA13,143
AACACCT,mcr28,142
AGCTGTA,stx1301,142
CTGCTGT,tetB43,142
GTGCTAT,sul22,142
AACACCT,chuA24,141
ACGGAAC,Tsp19,141
AGTCGTG,bfpA82,140
GTTCTGG,aadA21,140
TAAGATA,invE132,140
TCCTCAT,sul22,140
AACCGCT,aadA57,139
ACGTCAT,trpA354,139
GCAACGA,stx23291,139
TCGTACA,bfpA82,139
ATCATTA,stx1301,138
CGGATGA,aadA1,138
CGTTTCA,sul336,138
GAACTGA,sul336,138
GAATCGA,ant2Ia1,138
TGCATCC,dfrA369,138
TGGGTGA,sul336,138
TGTATGT,sul22,138
ACACGTG,dfrA58,137
CAGTAGG,invE132,137
CGATCAC,invE132,137
CGGATGA,ipaH921,137
GTTTCGG,eae6271,137
TGCAAAC,tetB43,137
CACAGAT,dfrA58,136
CTGACAC,bfpA82,136
CTGACAC,dfrA58,136
AACACCT,aac3VI23,135
TAGAACG,tetA13,135
AACGTGT,ipaH921,134
CATCGGT,aac6I123,134
CTGCTGT,yjaA12,134
GCAACGA,eltA73,134
GGTCTTG,ant2Ia1,134
TCGCTAG,aac3VI23,134
TGTAGGG,sul336,134
ATCCAGT,dfrA369,133
TCTGGAA,sul336,133
TGACTCT,bfpA82,133
AACCAAG,dfrA369,132
ACTGTGT,chuA24,132
GCCTATA,dfrA58,132
TCGTACA,dfrA58,132
TGTAGGG,invE132,132
ACGGAAC,trpA354,131
CATCGGT,invE132,131
CGTTTCA,ant2Ia1,131
GCAACGA,gadph195,131
GTCGTAT,eae6271,131
GTGATAC,invE132,131
AACAGTG,sul15,130
ATCCTCG,ant2Ia1,130
CTGGTAC,sul336,130
GTCGTAT,tetB43,130
TTGCTAC,gadph195,130
ACATTCA,sul336,129
ACGTTGC,ant2Ia1,129
CAATCAC,gadph195,129
GTGTCCT,sul336,129
TTGCTAC,sul22,129
AACAGTG,bfpA82,128
CTGCTGT,eae6271,128
GGACCTA,gadph195,128
GTGTCCT,tetA13,128
ACAGGAT,tetA13,127
CATGAAG,sul15,127
CCACTAG,dfrA369,127
CGATCAC,sul15,127
CTGCTGT,chuA24,127
GATATCG,ipaH321,127
GCACTTT,sul15,127
GGTCATG,dfrA369,127
GTCCTCT,dfrA369,127
AACCGCT,sul15,126
AGTCGTG,sul15,126
CACGTTT,eltA73,126
CATGAAG,bfpA82,126
TGCATCC,ant2Ia1,126
ACTGTGT,tetB43,125
CTTTCCA,sul336,125
GCAAATG,sul336,125
GCCATAC,mcr28,125
AATGCCT,ant2Ia1,124
CAATCAC,eae6271,124
GTGAAGA,invE132,124
TGTATGT,eae6271,124
GATATCG,aac6I6,123
GCACTTT,invE132,123
GCCTATA,ipaH921,123
GGACCTA,ant2Ia1,123
GTTCTGG,eae6271,123
AACAGTG,trpA354,122
AACGTGT,dfrA58,122
CATCGGT,sul336,122
TATGCAG,uidA160,122
TCTGGAA,tetA13,122
TGGGTGA,dfrA369,122
CATACGT,stx23291,121
GAACTGA,dfrA369,121
GTCCTCT,sul15,121
GTGATAC,dfrA369,121
TAGAGCG,stx1301,121
TGCAAAC,chuA24,121
TGCATCC,qnrS1,121
ACTGTGT,yjaA12,120
CACGTTT,sul22,120
CCACTAG,sul336,120
CGATCAC,sul336,120
GCCATAC,stx1301,120
GTTTCGG,tetB43,120
TGTATGT,chuA24,120
ACGTCAT,sul15,119
TCTGGAA,dfrA369,119
TCTTCGT,stx1301,119
AATGCCT,dfrA369,118
AGCTGTA,tetB43,118
CCACTAG,tetA13,118
GTCGTAT,sul22,118
GCAAATG,aadA57,117
GTGTCCT,invE132,117
TCGTACA,sul15,117
TCGTACA,tetA13,117
TCTTCGT,ant2Ia1,117
TGTATGT,yjaA12,117
TTGCTAC,eltA73,117
CATACGT,eltA73,116
CTACGTT,ant2Ia1,116
GTGCTAT,eae6271,116
TGACTCT,sul15,116
CCATTCA,sul336,115
GGTCTTG,stx1301,115
GTGCTAT,aadA57,115
TATGCAG,Tsp19,115
CACGTTT,yjaA12,114
CATACGT,gadph195,114
CTGGTAC,dfrA369,114
GTGATAC,sul336,114
TAGAACG,ant2Ia1,114
TCGCTAG,mcr64,114
TCTTCGT,eae6271,114
ACACGTG,bfpA82,113
ACAGGAT,dfrA369,113
ACCAGAT,dfrA369,112
GTTCTGG,stx23291,112
AACGTGT,sul15,111
AGCAAAC,ant2Ia1,111
ATCCTCG,stx1301,111
CCATTCA,invE132,111
CCATTCA,tetA13,111
GATATCG,astA13,111
GATATCG,mcr64,111
TAGATGA,ipaH321,111
TTCCAGG,stx23291,111
CTGACAC,dfrA369,110
GATTGGC,bfpA82,110
TCTGGAA,invE132,110
TGGGTGA,ant2Ia1,110
TTGCTAC,aac3VI23,110
ACCAGAT,ant2Ia1,109
GCAAATG,dfrA369,109
GTCTTCT,invE132,109
TACCTTC,stx1301,109
AATGCCT,mcr28,108
ACAGGAT,sul336,108
AGAAGAC,Tsp19,108
ATAGAGC,dfrA58,108
ATCATTA,chuA24,108
ATCATTA,tetB43,108
CATCGGT,dfrA369,108
CGATCAC,dfrA369,108
TGACTCT,Tsp19,108
ACTGTGT,sul22,107
CAGTAGG,tetA13,107
CATACGT,eae6271,107
GCAAATG,ant2Ia1,107
GCAAATG,sul22,107
GTCCTCT,sul336,107
GTTCTGG,gadph195,107
GTTGCTA,ant2Ia1,107
TGACTCT,invE132,107
GAATCGA,mcr28,106
TAGAGCG,eae6271,106
TCCTCAT,chuA24,106
TGCCCAA,sul15,106
ACACGTG,aac6I123,105
CGGATGA,dfrA58,105
CTGACAC,invE132,105
GGTCTTG,tetB43,105
CAGTAGG,sul336,104
CATCGGT,intI125,104
GATTGGC,invE132,104
GATTGGC,tetA13,104
TGTAGGG,dfrA369,104
AACACCT,sul22,103
AACCGCT,aatA12314,103
AACGTGT,bfpA82,103
AAGCACA,tetA13,103
GGACCTA,sul22,103
AAGCACA,sul336,102
ACGGAAC,dfrA243,102
ATCCAGT,ant2Ia1,102
CCATTCA,dfrA369,102
CTGACAC,tetA13,102
GGTCTTG,aac3VI23,102
GTCCTCT,tetA13,102
GTCGTAT,yjaA12,102
ACATTCA,invE132,101
AGCTGTA,aac3VI23,101
AGCTGTA,chuA24,101
CTGGTAC,aac6I123,101
GATATCG,aap223,101
GCCTATA,bfpA82,101
TCGCGTT,sul15,101
ACGTCAT,dfrA58,100
CACAGAT,bfpA82,100
CTACGTT,stx1301,100
CTGCTGT,eltA73,100
TCCTCAT,tetB43,100
AACCGCT,sul22,99
GTTCTGG,sul22,99
TAAGATA,dfrA369,99
TACCTTC,mcr28,99
TGCAAAC,eae6271,99
TGCATCC,mcr28,99
ACATTCA,dfrA369,98
AGCTGTA,mcr28,98
CGATCAC,mcr28,98
GCTTTCT,invE132,98
GGACCTA,yjaA12,98
GTCGTAT,chuA24,98
GTCTTCT,dfrA369,98
AACACCT,stx23291,97
ACCAGAT,stx1301,97
ACGTTGC,stx1301,97
CATGAAG,sul336,97
CCATCTC,qnrB7,97
CCATCTC,uidA616,97
CTGCTGT,gadph195,97
GGACCTA,chuA24,97
GTCGTAT,gadph195,97
GTGAAGA,Tsp19,97
TAGATGA,mcr64,97
CGGATGA,sul15,96
CGTTTCA,invE132,96
GCCTATA,sul15,96
GTCGTAT,aac3VI23,96
TATCGTC,stx23291,96
AACACCT,eltA73,95
AACACCT,gadph195,95
ACGTCAT,bfpA82,95
GGTCTTG,chuA24,95
GTGAAGA,sul15,95
AGCAAAC,qnrS1,94
GCACTTT,tetA13,94
GTTCTGG,yjaA12,94
GTTTCGG,eltA73,94
TATGCAG,dfrA58,94
TCGCGTT,invE132,94
AACCAAG,aac6I123,93
ACTGTGT,aac3VI23,93
CGGATGA,bfpA82,93
GGTCTTG,mcr28,93
ATAGAGC,sul15,92
ATCATTA,eae6271,92
ATCATTA,sul22,92
GTTCTGG,eltA73,92
TAGAGCG,chuA24,92
TATGCAG,trpA354,92
TGTAGGG,tetA13,92
CACGTTT,stx23291,91
CTGGTAC,ant2Ia1,91
GCACTTT,sul336,91
GTTGCTA,aac6I123,91
TCCTCAT,yjaA12,91
TCGCGTT,tetA13,91
CACGTTT,eae6271,90
CGCATAC,mcr28,90
CGTTTCA,qnrS1,90
GTTCTGG,aac3VI23,90
TGTATGT,aac3VI23,90
TTGCTAC,stx23291,90
ACAGGAT,invE132,89
ATAGAGC,bfpA82,89
ATCCTCG,eae6271,89
CGCATAC,stx1301,89
GCCATAC,eae6271,89
GTGTCCT,dfrA369,89
GTTTCGG,chuA24,89
TAGAACG,eae6271,89
TCGTACA,dfrA369,89
TGCAAAC,sul22,89
AACCAAG,ant2Ia1,88
ACACGTG,tetA13,88
CACAGAT,tetA13,88
GCTTTCT,ant2Ia1,88
TGTATGT,stx23291,88
AACAGTG,tetA13,87
AACCAAG,stx1301,87
AAGCACA,dfrA369,87
CATGAAG,invE132,87
CTTTCCA,dfrA369,87
TGCAAAC,aac3VI23,87
TGTATGT,eltA73,87
TGTGAAC,uidA616,87
ACGTTGC,mcr28,86
ATCATTA,aac3VI23,86
CTACGTT,mcr28,86
GTTTCGG,gadph195,86
TAGATGA,dfrA1,86
TCCTCAT,gadph195,86
TGCAAAC,yjaA12,86
AGAAGAC,trpA354,85
CAGTAGG,dfrA369,85
CGATCAC,arpA19,85
CTACGTT,sul22,85
GCCTATA,invE132,85
GCTTTCT,dfrA369,85
TATGCAG,ipaH921,85
TGCCCAA,tetA13,85
AACCAAG,mcr28,84
ACTGTGT,gadph195,84
CTTTCCA,invE132,84
GCAAATG,mcr28,84
GCCATAC,yjaA12,84
TAGAGCG,sul22,84
AACACCT,eae6271,83
AATGCCT,stx1301,83
AGCTGTA,sul22,83
GTGAAGA,mcr28,83
AACAGTG,qnrS1,82
AACAGTG,sul336,82
ACCAGAT,mcr28,82
ACTGTGT,eltA73,82
AGCTGTA,eae6271,82
GTGCTAT,stx1301,82
GTTGCTA,mcr28,82
TAAGATA,mcr28,82
TGTGAAC,stx23291,82
AAACCCT,ant2Ia1,81
ACAAAGC,ipaH321,81
ACGTCAT,dfrA369,81
ACTGTGT,uidA616,81
CGATCAC,tetA13,81
CGCATAC,ant2Ia1,81
GATATCG,aadA1,81
TGCAAAC,eltA73,81
CGCATAC,eae6271,80
CGCATAC,tetB43,80
GAACTGA,ant2Ia1,80
GCACTTT,dfrA369,80
GGTCATG,ant2Ia1,80
TCGCGTT,sul336,80
CATGAAG,tetA13,79
GAATCGA,chuA24,79
GGTCTTG,stx23291,79
GTTTCGG,yjaA12,79
TGACTCT,sul336,79
CACGTTT,gadph195,78
CGTTTCA,dfrA369,78
GAATCGA,eae6271,78
TAGAGCG,tetB43,78
TCGCTAG,ipaH321,78
AACAGTG,invE132,77
CTGCTGT,aac3VI23,77
GCCATAC,chuA24,77
TGACTCT,mcr28,77
AAACCCT,mcr28,76
AACAGTG,dfrA369,76
AAGCACA,mcr28,76
ACACGTG,invE132,76
AGTCGTG,invE132,76
ATCATTA,eltA73,76
CTGGTAC,stx1301,76
TAGAACG,stx1301,76
TCGCGTT,dfrA369,76
TGTATGT,gadph195,76
AACCGCT,invE132,75
AACCGCT,sul336,75
ACGTCAT,tetA13,75
ACGTTGC,chuA24,75
AGCTGTA,yjaA12,75
ATCATTA,yjaA12,75
CGATCAC,ant2Ia1,75
TATGCAG,bfpA82,75
TATGCAG,sul15,75
TGCAAAC,gadph195,75
TGCCCAA,invE132,75
TGGGTGA,stx1301,75
TTCCAGG,mcr64,75
AACCGCT,tetA13,74
ACGTCAT,sul336,74
CTTTCCA,ant2Ia1,74
TAGAGCG,aac3VI23,74
TAGAGCG,eltA73,74
TAGATGA,astA13,74
GATTGGC,sul336,73
GCCATAC,aac3VI23,73
GTGAAGA,dfrA369,73
GTTTCGG,aac3VI23,73
TCGCTAG,stx2181,73
AACCAAG,intI125,72
AGAAGAC,tetA13,72
CAATCAC,ipaH321,72
CCACTAG,stx1301,72
CCATCTC,aph6I29,72
GAATCGA,aac3VI23,72
GAATCGA,yjaA12,72
GTTGCTA,eae6271,72
TACCTTC,eae6271,72
TCCTCAT,eltA73,72
TGCCCAA,dfrA369,72
AACCAAG,eae6271,71
AACCGCT,dfrA369,71
AGAAGAC,dfrA243,71
AGCTGTA,stx23291,71
CTGCTGT,stx23291,71
GGTCATG,mcr28,71
GGTCTTG,sul22,71
ACACGTG,sul336,70
AGCAAAC,eae6271,70
CAGTAGG,mcr28,70
CTACGTT,tetB43,70
CTGACAC,sul336,70
GGACCTA,eltA73,70
GTCTTCT,ant2Ia1,70
GTTGCTA,tetB43,70
TAGAGCG,gadph195,70
TCGTACA,invE132,70
TCGTACA,sul336,70
TGTGAAC,stx2181,70
ACATTCA,ant2Ia1,69
AGCAAAC,stx1301,69
CCACTAG,ant2Ia1,69
CTGGTAC,intI125,69
CTGGTAC,mcr28,69
GATTGGC,ant2Ia1,69
GATTGGC,dfrA369,69
GTCGTAT,eltA73,69
GTGAAGA,ant2Ia1,69
GTGATAC,ant2Ia1,69
GTGCTAT,chuA24,69
TGGGTGA,mcr28,69
ACGTCAT,invE132,68
ATCATTA,gadph195,68
CACAGAT,invE132,68
CAGTAGG,ant2Ia1,68
GAATCGA,tetB43,68
GCCTATA,tetA13,68
GTGAAGA,tetA13,68
GTGCTAT,gadph195,68
TGTAGGG,ant2Ia1,68
TGTGAAC,qnrB7,68
AACGTGT,dfrA369,67
AACGTGT,invE132,67
AAGCACA,ant2Ia1,67
ATCCTCG,sul22,67
CCGACAT,ipaH321,67
GCCTATA,sul336,67
GTGAAGA,sul336,67
AACCGCT,aac6I123,66
AAGCACA,stx1301,66
AGCAAAC,sul22,66
ATAGAGC,tetA13,66
ATCCAGT,stx1301,66
GTCCTCT,stx1301,66
TCGCGTT,Tsp19,66
TGCATCC,stx1301,66
TGTAGGG,mcr28,66
TGTGAAC,aph6I29,66
ACGTTGC,eae6271,65
AGAAGAC,sul15,65
ATAGAGC,invE132,65
ATCCTCG,tetB43,65
CACAGAT,dfrA369,65
CTACGTT,eae6271,65
GCAAATG,stx1301,65
GCCATAC,eltA73,65
GGTCATG,arpA19,65
GGTCATG,stx1301,65
GTTGCTA,intI125,65
TCGCTAG,aac6I6,65
AAACCCT,stx1301,64
ATAGAGC,dfrA369,64
CATCGGT,ant2Ia1,64
GATATCG,mphA18,64
GCAAATG,aac6I123,64
GGTCTTG,gadph195,64
TCCTCAT,aac3VI23,64
TGCCCAA,sul336,64
AACGTGT,tetA13,63
ACGGAAC,ipaH921,63
GCAAATG,arpA19,63
GGTCATG,eae6271,63
GTGCTAT,aac6I123,63
GTTGCTA,stx1301,63
TGTAGGG,stx1301,63
AACGTGT,sul336,62
ACGTTGC,sul22,62
AGCTGTA,gadph195,62
AGTCGTG,ant2Ia1,62
GGTCTTG,eltA73,62
GTCCTCT,ant2Ia1,62
TACCTTC,sul22,62
TCTGGAA,arpA19,62
TCTTCGT,yjaA12,62
AACCAAG,tetB43,61
AATGCCT,tetB43,61
AGAAGAC,ipaH921,61
ATCCAGT,mcr28,61
CACAGAT,sul336,61
CGCATAC,aac3VI23,61
CGGATGA,invE132,61
CGTTTCA,mcr28,61
CTACGTT,yjaA12,61
GCCATAC,gadph195,61
GGTCTTG,eae6271,61
TAGATGA,aadA57,61
TCTTCGT,tetB43,61
TCTTCGT,trpA354,61
TGACTCT,dfrA369,61
ACGTTGC,tetB43,60
AGCTGTA,eltA73,60
GAACTGA,mcr28,60
GATATCG,aac3II63,60
GATATCG,bfpF56,60
TAAGATA,eae6271,60
TCGCTAG,astA13,60
TGACTCT,ant2Ia1,60
CATGAAG,dfrA369,59
GGTCTTG,yjaA12,59
GTCGTAT,stx23291,59
AAAAGGC,mcr64,58
AACCGCT,ant2Ia1,58
AAGCACA,eae6271,58
AATGCCT,chuA24,58
ACCAGAT,eae6271,58
ACGTTGC,yjaA12,58
CAATCAC,astA13,58
CGGATGA,dfrA369,58
CTTTCCA,stx1301,58
GCCATAC,stx23291,58
GGACCTA,aac3VI23,58
TAAGATA,chuA24,58
TCGCGTT,stx1301,58
ACCAGAT,sul22,57
ACCAGAT,tetB43,57
CATGAAG,ant2Ia1,57
GTCTTCT,aac3VI23,57
GTGCTAT,tetB43,57
TCTGGAA,ant2Ia1,57
TCTGGAA,qnrS1,57
TGCAAAC,stx23291,57
TGCATCC,sul22,57
AATGCCT,eae6271,56
ATCCAGT,chuA24,56
CTACGTT,chuA24,56
GATATCG,aadA57,56
GCACTTT,ant2Ia1,56
GCCTATA,ant2Ia1,56
GGTCATG,gadph195,56
GTGCTAT,aac3VI23,56
GTTGCTA,chuA24,56
TACCTTC,yjaA12,56
TGCATCC,aac3VI23,56
AAACCCT,eae6271,55
ACGGAAC,bfpA82,55
ACTGTGT,stx23291,55
AGTCGTG,dfrA369,55
CTTTCCA,mcr28,55
GTCCTCT,eae6271,55
GTCTTCT,chuA24,55
GTGATAC,mcr28,55
GTTGCTA,aac3VI23,55
TAGAACG,tetB43,55
TGCATCC,eae6271,55
TGCATCC,tetB43,55
TGCATCC,yjaA12,55
AACCAAG,yjaA12,54
ACACGTG,dfrA369,54
ACATTCA,stx1301,54
CGATCAC,eae6271,54
CGCATAC,sul22,54
CGTTTCA,aac3VI23,54
GCAAATG,tetB43,54
GCTTTCT,mcr28,54
GCTTTCT,stx1301,54
GTCTTCT,mcr28,54
TAAGATA,tetB43,54
TCTTCGT,gadph195,54
TGCATCC,chuA24,54
AATGCCT,sul22,53
ACGGAAC,dfrA58,53
CCATTCA,ant2Ia1,53
GAATCGA,eltA73,53
GATATCG,aaiC47,53
TAGATGA,aadA1,53
AACCAAG,chuA24,52
CGTTTCA,stx1301,52
GCCTATA,dfrA369,52
GCTTTCT,chuA24,52
GGACCTA,stx23291,52
GTGTCCT,stx1301,52
TAGAACG,trpA354,52
TCTTCGT,chuA24,52
AACCGCT,intI125,51
ACGTTGC,aac3VI23,51
ATCATTA,astA13,51
ATCCAGT,yjaA12,51
CATCGGT,stx1301,51
CGTTTCA,chuA24,51
GAATCGA,sul22,51
GTCTTCT,eae6271,51
GTTGCTA,gadph195,51
TCGCTAG,dfrA1,51
TGCCCAA,ant2Ia1,51
TTCCAGG,ipaH321,51
AAAAGGC,ipaH321,50
ACAGGAT,qnrS1,50
ACATTCA,eae6271,50
ACATTCA,tetB43,50
AGCAAAC,tetB43,50
CCATCTC,dfrA243,50
GAACTGA,sul22,50
GTGTCCT,ant2Ia1,50
TAAGATA,aac3VI23,50
TCTTCGT,sul22,50
TGCATCC,gadph195,50
ACAAAGC,aac6I6,49
ACAGGAT,mcr28,49
ATCCAGT,aac3VI23,49
CATCGGT,mcr28,49
CGATCAC,stx1301,49
CTGACAC,tetB43,49
GAATCGA,gadph195,49
GTCTTCT,sul22,49
GTCTTCT,tetB43,49
GTTGCTA,stx23291,49
TCGCGTT,ant2Ia1,49
TCGTACA,eae6271,49
TCTGGAA,mcr28,49
AAACCCT,sul22,48
ACGGAAC,sul15,48
CCACTAG,eae6271,48
GAACTGA,stx1301,48
TCTTCGT,aac3VI23,48
ACAGGAT,ant2Ia1,47
ACATTCA,mcr28,47
AGAAGAC,bfpA82,47
ATCCTCG,gadph195,47
CACGTTT,ipaH321,47
CAGTAGG,stx1301,47
CTGACAC,mcr28,47
CTGGTAC,eae6271,47
GAACTGA,gadph195,47
GCACTTT,eae6271,47
GCTTTCT,tetB43,47
GTCCTCT,sul22,47
GTGATAC,yjaA12,47
GTGCTAT,intI125,47
TAGAACG,aac3VI23,47
TCCTCAT,stx23291,47
TGCCCAA,mcr28,47
ACGTTGC,stx23291,46
ATCCTCG,aac3VI23,46
CATGAAG,chuA24,46
CGCATAC,gadph195,46
CTACGTT,aac3VI23,46
CTACGTT,eltA73,46
GAACTGA,eae6271,46
GAACTGA,tetB43,46
GCAACGA,mcr64,46
GCACTTT,stx1301,46
GTGAAGA,stx1301,46
GTGTCCT,mcr28,46
TACCTTC,aac3VI23,46
TAGATGA,aap223,46
TATGCAG,tetA13,46
TGTGAAC,dfrA243,46
TTGCTAC,ipaH321,46
AAACCCT,tetB43,45
AACCAAG,aac3VI23,45
AACCAAG,eltA73,45
ATCCAGT,sul22,45
ATCCAGT,tetB43,45
GCACTTT,mcr28,45
GTCTTCT,stx1301,45
GTTCTGG,aadA57,45
TAAGATA,eltA73,45
TAGAGCG,stx23291,45
TCGCGTT,mcr28,45
TGGGTGA,chuA24,45
TGGGTGA,yjaA12,45
CATCGGT,eae6271,44
CATGAAG,mcr28,44
CTGACAC,ant2Ia1,44
GCAAATG,eae6271,44
GCAACGA,astA13,44
GGTCATG,yjaA12,44
GTGATAC,aac3VI23,44
TAAGATA,gadph195,44
AAAAGGC,astA13,43
ACGGAAC,invE132,43
AGCAAAC,chuA24,43
ATAGAGC,sul336,43
ATCCAGT,eae6271,43
CACAGAT,tetB43,43
CACGTTT,astA13,43
CCACTAG,mcr28,43
CCATTCA,mcr28,43
CTGGTAC,chuA24,43
GAACTGA,yjaA12,43
GCTTTCT,sul22,43
GGTCATG,aac3VI23,43
GTGTCCT,eae6271,43
GTTCTGG,mphA18,43
TACCTTC,chuA24,43
TAGAACG,sul22,43
TAGATGA,mphA18,43
TGGGTGA,gadph195,43
TTCCAGG,stx2181,43
AAGCACA,sul22,42
ACCAGAT,gadph195,42
ACGTTGC,gadph195,42
CACAGAT,aac3VI23,42
GTCCTCT,tetB43,42
TAAGATA,sul22,42
TACCTTC,gadph195,42
TCGCTAG,aadA1,42
TGGGTGA,eae6271,42
ACAAAGC,astA13,41
ACACGTG,mcr28,41
ACATTCA,aac3VI23,41
CGCATAC,eltA73,41
CTTTCCA,eae6271,41
GTGCTAT,eltA73,41
TACCTTC,tetB43,41
TAGATGA,aac6I6,41
TATCGTC,ipaH321,41
TATGCAG,dfrA369,41
TCTGGAA,stx1301,41
AAAAGGC,dfrA1,40
ACAGGAT,aac3VI23,40
ACGTTGC,eltA73,40
ATAGAGC,ant2Ia1,40
ATCCTCG,eltA73,40
CAATCAC,aadA57,40
CAGTAGG,tetB43,40
CGATCAC,yjaA12,40
CTGACAC,eae6271,40
GAACTGA,stx23291,40
GCAAATG,chuA24,40
GTGTCCT,gadph195,40
GTGTCCT,tetB43,40
TAAGATA,yjaA12,40
TAGAACG,yjaA12,40
TCGCTAG,stx11581,40
TCGTACA,mcr28,40
TCTGGAA,tetB43,40
TGCATCC,eltA73,40
TGTAGGG,yjaA12,40
AAACCCT,gadph195,39
AACGTGT,ant2Ia1,39
AAGCACA,chuA24,39
AATGCCT,aac3VI23,39
ACGTCAT,eae6271,39
AGAAGAC,dfrA58,39
AGCAAAC,eltA73,39
CAGTAGG,gadph195,39
CCATCTC,uidA160,39
CCGACAT,mphA18,39
CGGATGA,ant2Ia1,39
GAACTGA,aac3VI23,39
TCTGGAA,chuA24,39
TGCCCAA,stx1301,39
AAAAGGC,aadA57,38
AACAGTG,stx1301,38
ACACGTG,ant2Ia1,38
ACAGGAT,arpA19,38
ACAGGAT,stx1301,38
ACATTCA,sul22,38
ACCAGAT,eltA73,38
ATCATTA,stx23291,38
CCGACAT,mcr64,38
CGTTTCA,yjaA12,38
CTGGTAC,tetB43,38
GGTCATG,tetB43,38
GTCTTCT,eltB2318,38
GTCTTCT,yjaA12,38
TATGCAG,invE132,38
ACAGGAT,eae6271,37
ACATTCA,chuA24,37
ACCAGAT,yjaA12,37
ACGTCAT,mcr28,37
AGCAAAC,aac3VI23,37
CCATCTC,bfpA82,37
CCGACAT,Tsp19,37
CCGACAT,astA13,37
CTGGTAC,aac3VI23,37
GCAAATG,intI125,37
GCAACGA,aadA57,37
GCAACGA,ipaH321,37
GGTCTTG,ipaH321,37
GTCCTCT,aac3VI23,37
TAGAACG,gadph195,37
TCGTACA,ant2Ia1,37
TCTGGAA,aac3VI23,37
TCTGGAA,eae6271,37
TGTAGGG,tetB43,37
TTCCAGG,aac6I6,37
TTCCAGG,dfrA1,37
AAACCCT,yjaA12,36
AACAGTG,mcr28,36
ACCAGAT,aac3VI23,36
ACCAGAT,chuA24,36
ACTGTGT,dfrA1,36
CAATCAC,aac6I6,36
CATCGGT,tetB43,36
CGCATAC,stx23291,36
CGTTTCA,tetB43,36
GATATCG,estIa94,36
GATTGGC,stx1301,36
GCAAATG,eltA73,36
GTTTCGG,stx23291,36
TCTTCGT,eltA73,36
TGTAGGG,chuA24,36
AACACCT,ipaH321,35
AACCGCT,stx1301,35
ACACGTG,tetB43,35
ACGGAAC,dfrA369,35
CCATTCA,eae6271,35
CTTTCCA,sul22,35
GCACTTT,yjaA12,35
GGTCATG,stx23291,35
GTGATAC,eae6271,35
AACCGCT,eae6271,34
AAGCACA,tetB43,34
ACATTCA,yjaA12,34
AGTCGTG,mcr28,34
ATCCAGT,gadph195,34
CAGTAGG,eae6271,34
CGATCAC,tetB43,34
CGTTTCA,eae6271,34
CTTTCCA,tetB43,34
GAATCGA,stx23291,34
GCAACGA,dfrA1,34
GCTTTCT,yjaA12,34
GTGAAGA,eae6271,34
GTTCTGG,aac6I6,34
TAGAACG,chuA24,34
TATCGTC,mcr64,34
TATGCAG,sul336,34
TGCATCC,stx23291,34
TGGGTGA,eltA73,34
TGTAGGG,sul22,34
TTCCAGG,aadA57,34
AAACCCT,aac3VI23,33
AACGTGT,arpA19,33
ACGGAAC,tetA13,33
ATCCAGT,eltA73,33
CATGAAG,sul22,33
CCATTCA,gadph195,33
CTACGTT,stx23291,33
CTGACAC,aac3VI23,33
CTGACAC,stx1301,33
GAACTGA,chuA24,33
GGTCATG,sul22,33
GGTCTTG,astA13,33
GTGATAC,tetB43,33
TAGAACG,eltA73,33
TATCGTC,aadA57,33
TGACTCT,eae6271,33
TGTAGGG,eae6271,33
AAAAGGC,aac6I6,32
AAACCCT,chuA24,32
AAACCCT,eltA73,32
AACAGTG,sul22,32
ACAAAGC,dfrA1,32
ACATTCA,eltA73,32
AGAAGAC,dfrA369,32
CAGTAGG,sul22,32
CATACGT,Tsp19,32
CATACGT,aadA57,32
CTGACAC,sul22,32
GCACTTT,tetB43,32
GCTTTCT,aac3VI23,32
GCTTTCT,eae6271,32
GTGATAC,sul22,32
TACCTTC,eltA4510,32
TAGAACG,uidA616,32
TCGCTAG,mphA18,32
AAACCCT,stx23291,31
AACCAAG,gadph195,31
ACACGTG,sul22,31
ACAGGAT,sul22,31
ACGGAAC,sul336,31
CATCGGT,aac3VI23,31
CATCGGT,chuA24,31
CGTTTCA,sul22,31
GATATCG,stx11581,31
GCAAATG,aac3VI23,31
GCCTATA,mcr28,31
GCTTTCT,stx23291,31
GGTCATG,eltA73,31
GTCGTAT,ipaH321,31
GTGTCCT,sul22,31
TAGATGA,stx2181,31
TCTTCGT,dfrA1,31
ACAAAGC,stx2181,30
AGCAAAC,gadph195,30
AGTCGTG,stx1301,30
AGTCGTG,tetB43,30
CACAGAT,ant2Ia1,30
CATACGT,ipaH321,30
CCACTAG,gadph195,30
CCATTCA,tetB43,30
CTGGTAC,yjaA12,30
CTTTCCA,aac3VI23,30
GCAAATG,gadph195,30
GCACTTT,gadph195,30
GTTGCTA,arpA19,30
TAGAGCG,Tsp19,30
TCTGGAA,gadph195,30
TGACTCT,yjaA12,30
TGGGTGA,aac3VI23,30
AATGCCT,gadph195,29
ACAAAGC,aadA1,29
ACACGTG,eltB2318,29
AGTCGTG,chuA24,29
CACGTTT,Tsp19,29
CCACTAG,chuA24,29
CCACTAG,yjaA12,29
CCATCTC,dfrA58,29
CCATCTC,ipaH921,29
CGATCAC,gadph195,29
CTGCTGT,ipaH321,29
CTGGTAC,gadph195,29
GATTGGC,tetB43,29
GCACTTT,sul22,29
GTCCTCT,chuA24,29
GTCCTCT,yjaA12,29
TAGATGA,stx11581,29
TGCCCAA,aac3VI23,29
TGCCCAA,eae6271,29
TGTGAAC,stx1301,29
AACACCT,Tsp19,28
AACACCT,astA13,28
AACAGTG,aac3VI23,28
AATGCCT,eltA73,28
ACAAAGC,mphA18,28
ACACGTG,eae6271,28
ACACGTG,stx1301,28
ACTGTGT,Tsp19,28
AGAAGAC,aatA12314,28
ATAGAGC,tetB43,28
CATACGT,aac6I6,28
CATCGGT,eltA73,28
CATCGGT,yjaA12,28
CATGAAG,eae6271,28
CCATTCA,stx1301,28
CCGACAT,aac6I6,28
CCGACAT,stx2181,28
CGATCAC,sul22,28
CTTTCCA,chuA24,28
GAACTGA,eltA73,28
GATATCG,eae111,28
GATTGGC,mcr28,28
GCAAATG,stx23291,28
GCACTTT,aac3VI23,28
GTCTTCT,stx23291,28
TTGCTAC,aac6I6,28
TTGCTAC,mcr64,28
AACGTGT,mcr28,27
AAGCACA,eltA73,27
AAGCACA,gadph195,27
ACAGGAT,chuA24,27
ACATTCA,gadph195,27
AGAAGAC,invE132,27
AGCTGTA,Tsp19,27
AGTCGTG,aac3VI23,27
AGTCGTG,eae6271,27
CACAGAT,stx1301,27
CATGAAG,stx1301,27
CGTTTCA,gadph195,27
CTACGTT,gadph195,27
GATTGGC,chuA24,27
GCAACGA,aac6I6,27
GCTTTCT,gadph195,27
GTGATAC,chuA24,27
TAAGATA,astA13,27
TATCGTC,aac6I6,27
TCTTCGT,stx23291,27
AACACCT,aadA57,26
AACAGTG,eae6271,26
AACCAAG,stx23291,26
AACGTGT,stx1301,26
ACAAAGC,aadA57,26
ACGTCAT,sul22,26
ACTGTGT,astA13,26
AGAAGAC,sul336,26
ATCCTCG,uidA160,26
CACAGAT,chuA24,26
CATGAAG,yjaA12,26
CCACTAG,aac3VI23,26
CTGGTAC,stx23291,26
CTTTCCA,gadph195,26
GCACTTT,chuA24,26
GTCCTCT,gadph195,26
GTGAAGA,tetB43,26
GTTCTGG,ipaH321,26
GTTGCTA,eltA73,26
TACCTTC,stx23291,26
TAGATGA,aac6I123,26
TCGCTAG,aap223,26
TCTTCGT,uidA616,26
TGTGAAC,uidA160,26
AACAGTG,tetB43,25
AACAGTG,yjaA12,25
AACCGCT,mcr28,25
AATGCCT,stx23291,25
ACGTCAT,ant2Ia1,25
ACTGTGT,mcr64,25
ATCCTCG,stx23291,25
CATCGGT,gadph195,25
CATGAAG,tetB43,25
CCATTCA,yjaA12,25
CGGATGA,stx1301,25
CTGCTGT,astA13,25
GGTCTTG,aadA57,25
GTGAAGA,chuA24,25
GTGCTAT,stx23291,25
TATCGTC,stx2181,25
TCTGGAA,sul22,25
TGACTCT,stx1301,25
AACACCT,aac6I6,24
AACCGCT,tetB43,24
AAGCACA,yjaA12,24
ACACGTG,aac3VI23,24
ACACGTG,chuA24,24
ACCAGAT,stx23291,24
ACTGTGT,ipaH321,24
AGTCGTG,gadph195,24
ATAGAGC,gadph195,24
ATAGAGC,mcr28,24
CAATCAC,stx2181,24
CATGAAG,aac3VI23,24
CCATCTC,sul15,24
CCATTCA,sul22,24
CTGGTAC,eltA73,24
CTTTCCA,yjaA12,24
GCCTATA,chuA24,24
GCTTTCT,eltA73,24
GTCCTCT,eltA73,24
GTCGTAT,astA13,24
GTCTTCT,gadph195,24
GTGTCCT,chuA24,24
GTTTCGG,astA13,24
TCCTCAT,stx2181,24
TCGCGTT,eae6271,24
TCGTACA,aac3VI23,24
TTCCAGG,stx11581,24
AACAGTG,gadph195,23
AACGTGT,gadph195,23
ACGGAAC,ant2Ia1,23
ACGTCAT,stx1301,23
AGCAAAC,stx23291,23
ATAGAGC,aac3VI23,23
CAATCAC,mphA18,23
CATGAAG,gadph195,23
CTGACAC,chuA24,23
GATTGGC,eae6271,23
GGACCTA,aadA57,23
TAGAACG,stx23291,23
TCCTCAT,ipaH321,23
TCGTACA,stx1301,23
TGCAAAC,astA13,23
TGCCCAA,sul22,23
AACAGTG,ant2Ia1,22
ACATTCA,stx23291,22
ACGTCAT,aac3VI23,22
AGTCGTG,aadA21,22
AGTCGTG,sul22,22
CACAGAT,gadph195,22
CACAGAT,sul22,22
CAGTAGG,aac3VI23,22
CAGTAGG,eltA73,22
CCATCTC,trpA354,22
CGGATGA,mcr28,22
CGGATGA,tetB43,22
CGTTTCA,eltA73,22
CGTTTCA,stx23291,22
GATATCG,arpA19,22
GATTGGC,eltA73,22
GCAACGA,mphA18,22
GCAACGA,stx2181,22
GCCTATA,eae6271,22
GCCTATA,stx1301,22
GGACCTA,dfrA1,22
GTGTCCT,aac3VI23,22
TAGATGA,aaiC17,22
TCGCGTT,chuA24,22
TCGCGTT,tetB43,22
TCGTACA,tetB43,22
TCGTACA,yjaA12,22
TGCCCAA,tetB43,22
TGTAGGG,eltA73,22
TGTAGGG,gadph195,22
TGTATGT,aac6I6,22
TTCCAGG,aadA1,22
AACCGCT,chuA24,21
AACCGCT,yjaA12,21
AACGTGT,sul22,21
ACACGTG,yjaA12,21
ACAGGAT,eltA73,21
CCATCTC,Tsp19,21
CCATCTC,dfrA369,21
CCGACAT,dfrA1,21
CTACGTT,aac6I6,21
GCCTATA,tetB43,21
GTCGTAT,aadA57,21
GTGATAC,eltA73,21
GTGTCCT,eltA73,21
GTGTCCT,stx23291,21
TATGCAG,ant2Ia1,21
TCTGGAA,eltA73,21
TGACTCT,chuA24,21
TGTGAAC,ipaH921,21
TTCCAGG,mphA18,21
AAAAGGC,aadA1,20
AACCGCT,gadph195,20
AACGTGT,tetB43,20
ACTGTGT,mphA18,20
AGCTGTA,aadA57,20
CAATCAC,aadA1,20
CCATCTC,invE132,20
CCATTCA,eltA73,20
GATTGGC,aac3VI23,20
GCCATAC,astA13,20
GTGAAGA,eltA73,20
GTGAAGA,sul22,20
GTGAAGA,yjaA12,20
GTGATAC,gadph195,20
GTTGCTA,astA13,20
TATCGTC,aadA1,20
TCCTCAT,aac6I6,20
TGACTCT,tetB43,20
TGGGTGA,stx23291,20
TGTAGGG,aac3VI23,20
TGTATGT,ipaH321,20
AACAGTG,chuA24,19
AACCGCT,aac3VI23,19
AAGCACA,aac3VI23,19
AAGCACA,stx23291,19
ACAAAGC,mcr64,19
ACAGGAT,tetB43,19
AGCTGTA,ipaH321,19
AGTCGTG,yjaA12,19
ATAGAGC,stx1301,19
CACAGAT,eae6271,19
CACAGAT,mcr28,19
CCATCTC,sul336,19
CCATTCA,chuA24,19
CGATCAC,aac3VI23,19
CGGATGA,aadA21,19
CTGACAC,stx23291,19
CTGCTGT,mcr64,19
CTTTCCA,eltA73,19
GAATCGA,aac6I6,19
GATATCG,aaiC17,19
GCCATAC,aac6I6,19
GCCTATA,yjaA12,19
TATGCAG,stx1301,19
TCGCTAG,bfpF56,19
TCTGGAA,stx23291,19
TGTAGGG,stx23291,19
TGTATGT,mphA18,19
TGTGAAC,trpA354,19
TTGCTAC,aadA57,19
AAAAGGC,mphA18,18
AACGTGT,aac3VI23,18
ACAGGAT,stx23291,18
ACGTCAT,tetB43,18
ATAGAGC,chuA24,18
ATAGAGC,eae6271,18
CAATCAC,mcr64,18
CACGTTT,aac6I6,18
CCACTAG,eltA73,18
CCATTCA,aac3VI23,18
CGATCAC,eltA73,18
CGGATGA,sul22,18
CGTTTCA,astA13,18
CTGCTGT,aac6I6,18
CTTTCCA,stx23291,18
GAATCGA,aadA57,18
GATATCG,aggR11,18
GGTCTTG,Tsp19,18
GTCGTAT,aac6I6,18
GTGAAGA,aac3VI23,18
GTGCTAT,mcr64,18
GTTCTGG,astA13,18
TAGAACG,dfrA1,18
TAGAACG,mcr64,18
TATCGTC,dfrA1,18
TCGCGTT,sul22,18
TGACTCT,eltA73,18
TGACTCT,gadph195,18
TGTGAAC,Tsp19,18
AAAAGGC,stx2181,17
ACACGTG,stx23291,17
AGCTGTA,mphA18,17
CACGTTT,aadA57,17
CCGACAT,aadA57,17
CGGATGA,eae6271,17
CTGACAC,gadph195,17
GATTGGC,sul22,17
GCAACGA,aadA1,17
GCCATAC,ipaH321,17
GCCTATA,aac3VI23,17
GCCTATA,sul22,17
GTTGCTA,ipaH321,17
TAAGATA,ipaH321,17
TACCTTC,ipaH321,17
TCGCGTT,gadph195,17
TGCATCC,dfrA1,17
TTGCTAC,aadA1,17
AACCGCT,stx23291,16
AACGTGT,eae6271,16
ACAAAGC,stx11581,16
ACACGTG,gadph195,16
ACGGAAC,eltA73,16
ACGTCAT,chuA24,16
CATCGGT,stx23291,16
CGGATGA,yjaA12,16
GATATCG,aatA12314,16
GATTGGC,gadph195,16
GGACCTA,astA13,16
GTCGTAT,dfrA1,16
TAAGATA,aac6I6,16
TAGAGCG,ipaH321,16
TAGATGA,eae111,16
TATCGTC,mphA18,16
TCGCGTT,aac3VI23,16
TCGCGTT,eltA73,16
TCGCGTT,yjaA12,16
TCGTACA,chuA24,16
TCGTACA,sul22,16
TGCAAAC,aac6I6,16
TGCAAAC,ipaH321,16
TGCCCAA,stx23291,16
TGCCCAA,yjaA12,16
TGTATGT,stx2181,16
TGTGAAC,dfrA58,16
AAACCCT,aac6I6,15
AAACCCT,ipaH321,15
AATGCCT,Tsp19,15
AATGCCT,ipaH321,15
ACAGGAT,astA13,15
ACAGGAT,gadph195,15
ACGGAAC,aac3VI23,15
ACGTCAT,yjaA12,15
ACTGTGT,aadA1,15
AGTCGTG,stx23291,15
ATCCAGT,stx23291,15
ATCCTCG,dfrA1,15
ATCCTCG,mcr64,15
CATGAAG,eltA73,15
CATGAAG,stx23291,15
CGATCAC,stx23291,15
GAACTGA,astA13,15
GAACTGA,dfrA1,15
GATATCG,qnrS1,15
GGACCTA,aac6I6,15
GGACCTA,mphA18,15
GTCGTAT,mcr64,15
GTGCTAT,ipaH321,15
GTTCTGG,stx2181,15
TATGCAG,mcr28,15
TCCTCAT,aadA1,15
TCCTCAT,mphA18,15
TCCTCAT,stx11581,15
TCGTACA,stx23291,15
TGCCCAA,gadph195,15
AAAAGGC,stx11581,14
ACGTTGC,ipaH321,14
AGCAAAC,mcr64,14
AGTCGTG,eltA73,14
ATAGAGC,eltA73,14
ATCATTA,ipaH321,14
ATCCTCG,stx2181,14
CAGTAGG,stx23291,14
CCACTAG,stx23291,14
CCATTCA,ipaH321,14
CCATTCA,stx23291,14
CTACGTT,ipaH321,14
CTGCTGT,aadA1,14
GATTGGC,yjaA12,14
GCAACGA,aac3II63,14
GCACTTT,eltA73,14
GTCGTAT,mphA18,14
GTCGTAT,stx2181,14
GTGAAGA,gadph195,14
GTTTCGG,aac6I6,14
TATGCAG,aac3VI23,14
TATGCAG,tetB43,14
TCCTCAT,aadA57,14
TCCTCAT,mcr64,14
TCGTACA,eltA73,14
TGACTCT,aac3VI23,14
TGCCCAA,chuA24,14
TGTGAAC,invE132,14
TGTGAAC,sul15,14
TGTGAAC,sul336,14
TTGCTAC,dfrA1,14
AACGTGT,eltA73,13
ACAAAGC,aac6I123,13
ACAAAGC,aap223,13
ACGGAAC,stx1301,13
ACGTCAT,stx23291,13
ACTGTGT,stx11581,13
ACTGTGT,stx2181,13
AGCAAAC,Tsp19,13
AGCAAAC,eae111,13
ATAGAGC,yjaA12,13
CACAGAT,stx23291,13
CACAGAT,yjaA12,13
CATACGT,aac3II63,13
CCATCTC,tetA13,13
CGGATGA,aac3VI23,13
CGGATGA,chuA24,13
CTGACAC,eltA73,13
GAATCGA,mcr64,13
GCAACGA,stx11581,13
GCCTATA,gadph195,13
TAGAGCG,mcr64,13
TAGAGCG,mphA18,13
TCCTCAT,astA13,13
TCGCTAG,aaiC17,13
TGCAAAC,aadA57,13
TGCATCC,astA13,13
TGCCCAA,eltA73,13
TGTAGGG,Tsp19,13
TTGCTAC,mphA18,13
AAAAGGC,aac3II63,12
AACAGTG,eltA73,12
ACGGAAC,mcr28,12
ACGTTGC,aac6I6,12
ACTGTGT,aac6I6,12
AGAAGAC,mcr28,12
AGCTGTA,aac6I6,12
ATAGAGC,sul22,12
ATCATTA,aac6I6,12
ATCATTA,aadA57,12
ATCCAGT,ipaH321,12
CAATCAC,dfrA1,12
CACGTTT,aadA1,12
CACGTTT,stx2181,12
CATACGT,aadA1,12
CATACGT,eae111,12
CATACGT,stx2181,12
GCTTTCT,Tsp19,12
GGACCTA,ipaH321,12
GGACCTA,stx2181,12
GTCCTCT,stx23291,12
GTCTTCT,aac6I6,12
GTCTTCT,astA13,12
GTCTTCT,ipaH321,12
GTGCTAT,mphA18,12
GTTTCGG,dfrA1,12
GTTTCGG,mphA18,12
TAGAGCG,aadA57,12
TAGATGA,tetM34,12
TATGCAG,chuA24,12
TATGCAG,eae6271,12
TGACTCT,sul22,12
TTGCTAC,stx2181,12
AACACCT,mphA18,11
AACAGTG,stx23291,11
ACAAAGC,aac3II63,11
ACAGGAT,ipaH321,11
ACCAGAT,dfrA1,11
ACGGAAC,stx23291,11
ACGGAAC,sul22,11
ACGGAAC,tetB43,11
ACGTTGC,aadA57,11
AGCTGTA,aadA1,11
ATCCAGT,aac6I6,11
CCATCTC,mcr28,11
CCGACAT,aadA1,11
CGTTTCA,Tsp19,11
CTGGTAC,astA13,11
GAACTGA,aadA57,11
GAATCGA,ipaH321,11
GATTGGC,stx23291,11
GGTCTTG,aac6I6,11
GTCGTAT,aadA1,11
GTCTTCT,dfrA1,11
TCGCTAG,aac3II63,11
TCGTACA,gadph195,11
TCTGGAA,Tsp19,11
TCTGGAA,mphA18,11
TCTTCGT,Tsp19,11
TCTTCGT,mphA18,11
TGCAAAC,mphA18,11
TGCAAAC,stx11581,11
TGTATGT,aadA57,11
TGTATGT,dfrA1,11
TGTATGT,mcr64,11
TGTGAAC,bfpA82,11
TTCCAGG,aap223,11
AAAAGGC,aaiC17,10
AAAAGGC,aap223,10
AACAGTG,Tsp19,10
AACGTGT,stx23291,10
ACAAAGC,bfpF56,10
ACATTCA,dfrA1,10
ACATTCA,ipaH321,10
ACGTCAT,ipaH321,10
ACTGTGT,aac3II63,10
ACTGTGT,aadA57,10
AGAAGAC,ant2Ia1,10
AGCAAAC,aadA57,10
AGTCGTG,astA13,10
ATAGAGC,Tsp19,10
ATCATTA,aac6I123,10
ATCCTCG,ipaH321,10
CACGTTT,mcr64,10
CAGTAGG,ipaH321,10
CATACGT,dfrA1,10
CCACTAG,astA13,10
CCATCTC,chuA24,10
CCATCTC,eae6271,10
CCATTCA,astA13,10
CGTTTCA,ipaH321,10
CTGCTGT,aadA57,10
CTGCTGT,dfrA1,10
CTTTCCA,stx2181,10
GAATCGA,mphA18,10
GATATCG,tetM34,10
GATTGGC,aadA57,10
GCAACGA,aadA21,10
GCAACGA,tetM34,10
GCCATAC,aadA1,10
GCCTATA,aadA57,10
GCCTATA,eltA73,10
GGTCATG,aac6I6,10
GTGCTAT,astA13,10
GTTGCTA,dfrA1,10
TAGAACG,astA13,10
TATCGTC,stx11581,10
TCTGGAA,ipaH321,10
TCTTCGT,mcr64,10
TGGGTGA,mcr64,10
TGTGAAC,mcr28,10
TTCCAGG,aac6I123,10
TTCCAGG,tetM34,10
TTGCTAC,aap223,10
AAACCCT,aadA57,9
AACACCT,dfrA1,9
AACACCT,mcr64,9
AACACCT,stx2181,9
AACCAAG,aac6I6,9
AACCGCT,astA13,9
AACGTGT,chuA24,9
AATGCCT,aac6I6,9
ACGGAAC,eae6271,9
ACGGAAC,yjaA12,9
ACGTCAT,eltA73,9
ACGTCAT,gadph195,9
AGCAAAC,aac6I6,9
AGCAAAC,astA13,9
ATCATTA,dfrA1,9
ATCCAGT,astA13,9
CAATCAC,aap223,9
CACAGAT,aac6I6,9
CACAGAT,aadA57,9
CACAGAT,eltA73,9
CATACGT,mphA18,9
CCGACAT,aac3II63,9
CGCATAC,ipaH321,9
CGGATGA,aadA57,9
CGGATGA,gadph195,9
CGGATGA,stx23291,9
CGTTTCA,aadA57,9
CTGACAC,yjaA12,9
CTGCTGT,aap223,9
CTGCTGT,mphA18,9
CTGCTGT,stx2181,9
CTTTCCA,aac6I6,9
GAACTGA,aac3II63,9
GAATCGA,dfrA1,9
GCAAATG,astA13,9
GCCATAC,dfrA1,9
GGACCTA,aadA1,9
GGTCATG,ipaH321,9
GTCCTCT,aadA57,9
GTCCTCT,ipaH321,9
GTCCTCT,mphA18,9
GTCTTCT,eltA4510,9
GTGAAGA,stx23291,9
GTGATAC,astA13,9
GTGATAC,ipaH321,9
GTTTCGG,aadA1,9
GTTTCGG,ipaH321,9
TAAGATA,aadA57,9
TAAGATA,mcr64,9
TAGAACG,aadA57,9
TAGAGCG,aac6I6,9
TAGAGCG,dfrA1,9
TAGATGA,aac3II63,9
TATGCAG,sul22,9
TCGCTAG,qnrS1,9
TGCAAAC,aac3II63,9
TGCATCC,aac6I6,9
TGGGTGA,astA13,9
TGTATGT,aac3II63,9
TGTATGT,aadA1,9
TGTATGT,astA13,9
TGTGAAC,tetA13,9
TTCCAGG,aac3II63,9
TTCCAGG,aaiC17,9
AACAGTG,mphA18,8
AACCGCT,ipaH321,8
ACAGGAT,aac6I6,8
ACCAGAT,aac6I6,8
ACGGAAC,gadph195,8
ACGTTGC,dfrA1,8
AGAAGAC,sul22,8
AGAAGAC,tetB43,8
AGCAAAC,dfrA1,8
ATAGAGC,stx23291,8
ATCATTA,stx11581,8
ATCCTCG,aadA1,8
ATCCTCG,astA13,8
CACAGAT,Tsp19,8
CATGAAG,ipaH321,8
CCATCTC,stx1301,8
CCATTCA,aac6I6,8
CCATTCA,dfrA1,8
CCGACAT,aap223,8
CCGACAT,stx11581,8
CCGACAT,tetM34,8
CGCATAC,astA13,8
CGCATAC,dfrA1,8
CGTTTCA,aac6I6,8
CTACGTT,aadA57,8
CTGACAC,astA13,8
CTGCTGT,stx11581,8
CTGGTAC,ipaH321,8
CTGGTAC,stx11581,8
CTTTCCA,ipaH321,8
GAACTGA,ipaH321,8
GAATCGA,astA13,8
GCAAATG,aac6I6,8
GCAAATG,ipaH321,8
GCAACGA,aaiC17,8
GCACTTT,astA13,8
GCACTTT,stx23291,8
GCCATAC,aap223,8
GCCATAC,mcr64,8
GGACCTA,aac6I123,8
GGTCATG,astA13,8
GTCGTAT,aac3II63,8
GTCGTAT,aac6I123,8
GTGCTAT,aac6I6,8
GTGCTAT,aadA1,8
GTTGCTA,aac6I6,8
GTTGCTA,aadA1,8
GTTGCTA,mphA18,8
GTTTCGG,mcr64,8
TACCTTC,astA13,8
TAGATGA,aadA21,8
TATCGTC,aac6I123,8
TCGCTAG,eae111,8
TCGTACA,ipaH321,8
TCTGGAA,aadA57,8
TCTTCGT,ipaH321,8
TCTTCGT,stx11581,8
TGACTCT,stx23291,8
TGCAAAC,dfrA1,8
TTCCAGG,aadA21,8
AAAAGGC,eae111,7
AAACCCT,astA13,7
AACACCT,aadA1,7
AACCGCT,aac6I6,7
AATGCCT,aadA1,7
AATGCCT,aadA57,7
ACACGTG,astA13,7
ACAGGAT,mphA18,7
ACATTCA,aac6I6,7
ACGTTGC,astA13,7
ACGTTGC,mcr64,7
ACGTTGC,mphA18,7
ACTGTGT,uidA160,7
AGAAGAC,eltA73,7
AGAAGAC,gadph195,7
AGCAAAC,ipaH321,7
AGCTGTA,aac3II63,7
AGCTGTA,stx2181,7
ATCATTA,aadA1,7
ATCCTCG,aac6I6,7
ATCCTCG,ermB1,7
CAGTAGG,astA13,7
CATACGT,aap223,7
CATACGT,mcr64,7
CATCGGT,ipaH321,7
CGATCAC,dfrA1,7
CGATCAC,ipaH321,7
CGATCAC,mcr64,7
CGCATAC,aadA57,7
CGGATGA,eltA73,7
CTTTCCA,aap223,7
GAACTGA,aap223,7
GAATCGA,stx11581,7
GATATCG,eltA4510,7
GCAAATG,mcr64,7
GCAACGA,eae111,7
GCTTTCT,aadA1,7
GCTTTCT,aadA57,7
GGACCTA,aac3II63,7
GGACCTA,mcr64,7
GGTCATG,stx2181,7
GGTCTTG,dfrA1,7
GTCCTCT,astA13,7
GTGCTAT,stx2181,7
GTGTCCT,mphA18,7
GTTGCTA,stx2181,7
GTTTCGG,stx11581,7
GTTTCGG,stx2181,7
TAGAACG,mphA18,7
TAGAGCG,aac3II63,7
TAGAGCG,aac6I123,7
TATCGTC,aaiC17,7
TCGCTAG,eltA4510,7
TCGTACA,aadA57,7
TCGTACA,dfrA1,7
TCTGGAA,astA13,7
TCTTCGT,aac6I6,7
TCTTCGT,aadA57,7
TCTTCGT,astA13,7
TGCAAAC,aadA1,7
TGCATCC,Tsp19,7
TGCATCC,ipaH321,7
TGTAGGG,astA13,7
TGTGAAC,chuA24,7
TGTGAAC,sul22,7
TTGCTAC,aatA12314,7
AACAGTG,aac6I6,6
AACCAAG,dfrA1,6
AACCAAG,stx11581,6
AAGCACA,aadA1,6
AAGCACA,aadA57,6
AAGCACA,ipaH321,6
AAGCACA,mcr64,6
AATGCCT,astA13,6
AATGCCT,dfrA1,6
AATGCCT,mphA18,6
AATGCCT,stx2181,6
ACACGTG,ipaH321,6
ACATTCA,aadA57,6
ACCAGAT,astA13,6
ACCAGAT,ipaH321,6
ACCAGAT,mphA18,6
ACGTCAT,aac6I6,6
AGAAGAC,aac3VI23,6
AGCAAAC,aadA1,6
AGCAAAC,mphA18,6
AGCAAAC,stx11581,6
AGCAAAC,stx2181,6
AGCTGTA,aac6I123,6
AGTCGTG,aac6I6,6
ATAGAGC,stx11581,6
ATCATTA,aatA12314,6
ATCATTA,mphA18,6
ATCCAGT,aadA57,6
ATCCTCG,aap223,6
ATGGTTG,dfrA243,6
CAATCAC,aac6I123,6
CACGTTT,aac3II63,6
CACGTTT,aap223,6
CACGTTT,mphA18,6
CAGTAGG,stx2181,6
CATCGGT,astA13,6
CATCGGT,stx2181,6
CATGAAG,aac6I6,6
CATGAAG,aadA57,6
CATGAAG,dfrA1,6
CCACTAG,mphA18,6
CCATCTC,yjaA12,6
CCGACAT,eae111,6
CGATCAC,stx2181,6
CGGATGA,mphA18,6
CTACGTT,aatA12314,6
CTGACAC,dfrA1,6
CTGCTGT,aac3II63,6
CTTTCCA,aadA1,6
CTTTCCA,mphA18,6
GATTGGC,aac6I6,6
GATTGGC,mphA18,6
GCTTTCT,aac6I6,6
GGTCATG,Tsp19,6
GGTCTTG,aac3II63,6
GGTCTTG,stx2181,6
GTCCTCT,aadA1,6
GTCCTCT,stx2181,6
GTCTTCT,stx11581,6
GTGATAC,dfrA1,6
GTGCTAT,aaiC17,6
GTGCTAT,stx11581,6
GTGTCCT,aac3II63,6
GTGTCCT,dfrA1,6
GTGTCCT,ipaH321,6
GTTCTGG,aatA12314,6
GTTCTGG,dfrA1,6
GTTCTGG,stx11581,6
GTTGCTA,aac3II63,6
GTTGCTA,mcr64,6
TAAGATA,aac3II63,6
TAAGATA,aatA12314,6
TACCTTC,aac6I6,6
TAGAACG,Tsp19,6
TAGAACG,aac6I6,6
TAGAACG,ipaH321,6
TAGAGCG,stx2181,6
TAGATGA,aaiC47,6
TAGATGA,aatA12314,6
TATGCAG,stx23291,6
TATGCAG,yjaA12,6
TCCTCAT,aac3II63,6
TCCTCAT,dfrA1,6
TCGCTAG,aadA21,6
TCTGGAA,dfrA1,6
TCTTCGT,aap223,6
TGACTCT,astA13,6
TGCAAAC,stx2181,6
TGCATCC,mcr64,6
TGTAGGG,bfpF56,6
TGTAGGG,ipaH321,6
TGTAGGG,mcr64,6
TGTATGT,stx11581,6
TGTGAAC,dfrA369,6
TGTGAAC,eae6271,6
TGTGAAC,tetB43,6
TTGCTAC,aaiC17,6
AAAAGGC,aatA12314,5
AAAAGGC,tetM34,5
AAACCCT,dfrA1,5
AAACCCT,mphA18,5
AACACCT,aac6I123,5
AACACCT,aap223,5
AACCAAG,aac3II63,5
AACCAAG,mphA18,5
AACCGCT,eltA73,5
AAGCACA,astA13,5
AATGCCT,aac3II63,5
AATGCCT,mcr64,5
ACACGTG,dfrA1,5
ACAGGAT,aac3II63,5
ACGTCAT,aadA57,5
ACGTCAT,astA13,5
ACTGTGT,aac6I123,5
AGAAGAC,ipaH321,5
AGAAGAC,stx23291,5
AGCAAAC,aac3II63,5
AGCAAAC,aac6I123,5
AGCTGTA,bfpF56,5
AGCTGTA,dfrA1,5
ATCATTA,aaiC17,5
ATCATTA,aap223,5
ATCATTA,stx2181,5
ATCCAGT,Tsp19,5
ATCCAGT,aac3II63,5
ATCCAGT,stx2181,5
ATCCTCG,aadA57,5
ATCCTCG,stx11581,5
CAATCAC,aac3II63,5
CACGTTT,aac6I123,5
CACGTTT,dfrA1,5
CAGTAGG,aac6I6,5
CAGTAGG,mphA18,5
CAGTAGG,stx11581,5
CAGTAGG,uidA160,5
CATACGT,tetM34,5
CATCGGT,aac6I6,5
CATGAAG,astA13,5
CCACTAG,aac6I6,5
CCACTAG,aadA1,5
CCACTAG,dfrA1,5
CCATCTC,tetB43,5
CCATTCA,aadA1,5
CCGACAT,aaiC17,5
CCGACAT,aatA12314,5
CGATCAC,aadA57,5
CGATCAC,mphA18,5
CGCATAC,aac3II63,5
CGCATAC,ermB1,5
CTACGTT,aadA1,5
CTGACAC,ipaH321,5
CTGGTAC,aac6I6,5
CTGGTAC,mcr64,5
CTGGTAC,mphA18,5
CTTTCCA,astA13,5
GAACTGA,aac6I6,5
GAACTGA,mphA18,5
GAATCGA,aap223,5
GCAAATG,dfrA1,5
GCAAATG,qnrS1,5
GCACTTT,dfrA1,5
GCCATAC,mphA18,5
GCCATAC,stx11581,5
GCCATAC,stx2181,5
GCTTTCT,mphA18,5
GGACCTA,stx11581,5
GGTCATG,stx11581,5
GGTCTTG,bfpF56,5
GGTCTTG,mcr64,5
GGTCTTG,mphA18,5
GTCGTAT,aadA21,5
GTCGTAT,stx11581,5
GTGATAC,stx11581,5
GTGCTAT,aac3II63,5
GTGTCCT,mcr64,5
GTTTCGG,eae111,5
TAAGATA,aac6I123,5
TACCTTC,stx2181,5
TAGAACG,stx11581,5
TAGATGA,bfpF56,5
TATCGTC,aac3II63,5
TATCGTC,aadA21,5
TATCGTC,eae111,5
TATGCAG,stx11581,5
TCGCTAG,tetM34,5
TCGTACA,aac6I6,5
TCGTACA,astA13,5
TCTTCGT,tetM34,5
TGCATCC,aadA57,5
TGCATCC,aap223,5
TGCCCAA,mcr64,5
TGGGTGA,ipaH321,5
TGTATGT,aaiC17,5
TTCCAGG,aatA12314,5
AAAAGGC,bfpF56,4
AAACCCT,stx11581,4
AACACCT,aac3II63,4
AACAGTG,aadA1,4
AACCAAG,aadA1,4
AACCAAG,ipaH321,4
AACCGCT,dfrA1,4
AACGTGT,ipaH321,4
AACGTGT,stx2181,4
AAGCACA,aac6I6,4
AATGCCT,bfpF56,4
ACAAAGC,eae111,4
ACACGTG,aac6I6,4
ACACGTG,eltA4510,4
ACAGGAT,Tsp19,4
ACATTCA,aac6I123,4
ACATTCA,mphA18,4
ACCAGAT,aadA1,4
ACCAGAT,aadA57,4
ACCAGAT,bfpF56,4
ACCAGAT,stx2181,4
ACGGAAC,chuA24,4
ACGGAAC,ipaH321,4
ACGGAAC,mcr64,4
ACGTTGC,aadA1,4
ACGTTGC,tetM34,4
ACTGTGT,aap223,4
ACTGTGT,tetM34,4
AGAAGAC,chuA24,4
AGAAGAC,stx1301,4
AGCAAAC,tetM34,4
AGCTGTA,stx11581,4
AGTCGTG,aadA57,4
AGTCGTG,mphA18,4
ATAGAGC,ipaH321,4
ATAGAGC,mphA18,4
ATCATTA,aac3II63,4
ATCATTA,tetM34,4
ATCCAGT,mphA18,4
ATCCTCG,aac3II63,4
CAATCAC,aaiC17,4
CAATCAC,aatA12314,4
CAATCAC,eae111,4
CACGTTT,bfpF56,4
CATACGT,aac6I123,4
CATACGT,aaiC17,4
CATACGT,bfpF56,4
CATCGGT,aadA1,4
CATCGGT,mphA18,4
CATCGGT,stx11581,4
CATGAAG,Tsp19,4
CATGAAG,stx11581,4
CCATCTC,aac3VI23,4
CCATTCA,aap223,4
CCATTCA,mphA18,4
CCGACAT,aadA21,4
CGATCAC,stx11581,4
CGCATAC,aac6I6,4
CGGATGA,ipaH321,4
CGGATGA,stx2181,4
CGTTTCA,mcr64,4
CTACGTT,dfrA1,4
CTGACAC,aadA57,4
GAACTGA,mcr64,4
GAATCGA,aac3II63,4
GAATCGA,aac6I123,4
GAATCGA,bfpF56,4
GAATCGA,stx2181,4
GATTGGC,aac3II63,4
GATTGGC,ipaH321,4
GATTGGC,stx11581,4
GCAAATG,aac3II63,4
GCAAATG,mphA18,4
GCAACGA,eltA4510,4
GCAACGA,qnrS1,4
GCACTTT,aadA57,4
GCACTTT,stx2181,4
GCCTATA,ipaH321,4
GCTTTCT,aac3II63,4
GCTTTCT,arpA19,4
GCTTTCT,ipaH321,4
GGACCTA,tetM34,4
GGTCATG,aadA57,4
GGTCATG,dfrA1,4
GGTCTTG,aac6I123,4
GGTCTTG,aap223,4
GGTCTTG,tetM34,4
GTCCTCT,dfrA1,4
GTCCTCT,mcr64,4
GTCTTCT,stx2181,4
GTGAAGA,aap223,4
GTGAAGA,mcr64,4
GTGAAGA,tetM34,4
GTGATAC,aac6I6,4
GTGATAC,aadA1,4
GTGATAC,aadA57,4
GTGATAC,mcr64,4
GTGCTAT,dfrA1,4
GTGTCCT,Tsp19,4
GTGTCCT,aac6I6,4
GTTGCTA,qnrS1,4
GTTGCTA,stx11581,4
GTTTCGG,aap223,4
TAAGATA,aadA1,4
TAAGATA,eae111,4
TAAGATA,mphA18,4
TAGAACG,aadA1,4
TAGAACG,stx2181,4
TAGAGCG,eae111,4
TAGAGCG,stx11581,4
TAGATGA,eltA4510,4
TATCGTC,aap223,4
TATCGTC,aatA12314,4
TATGCAG,eltA73,4
TCCTCAT,aac6I123,4
TCCTCAT,bfpF56,4
TCCTCAT,tetM34,4
TCGCGTT,ipaH321,4
TCGCGTT,mcr64,4
TCGCGTT,stx23291,4
TCGCTAG,arpA19,4
TCTGGAA,aac6I6,4
TCTGGAA,eae111,4
TCTGGAA,stx2181,4
TCTTCGT,aadA1,4
TGACTCT,ipaH321,4
TGACTCT,mphA18,4
TGCAAAC,eae111,4
TGCAAAC,mcr64,4
TGCATCC,mphA18,4
TGCATCC,stx2181,4
TGCCCAA,aadA1,4
TGCCCAA,astA13,4
TGCCCAA,stx11581,4
TGGGTGA,stx11581,4
TGTAGGG,aadA57,4
TGTATGT,aac6I123,4
TGTGAAC,ant2Ia1,4
TGTGAAC,eltA73,4
TTCCAGG,bfpF105,4
TTCCAGG,bfpF56,4
TTGCTAC,aac3II63,4
AAAAGGC,aac6I123,3
AAAAGGC,aadA21,3
AAAAGGC,eltA4510,3
AAACCCT,eae111,3
AAACCCT,stx2181,3
AACACCT,aaiC17,3
AACACCT,stx11581,3
AACAGTG,ipaH321,3
AACCAAG,aaiC47,3
AACCAAG,astA13,3
AACCAAG,mcr64,3
AACCAAG,stx2181,3
AACCGCT,eltB12,3
AACCGCT,mphA18,3
AACGTGT,aac6I6,3
AACGTGT,aadA57,3
AACGTGT,aap223,3
AACGTGT,mphA18,3
AAGCACA,stx2181,3
AATGCCT,aaiC17,3
AATGCCT,stx11581,3
ACAAAGC,aaiC17,3
ACAAAGC,aaiC47,3
ACAGGAT,aadA57,3
ACAGGAT,dfrA1,3
ACAGGAT,eae111,3
ACCAGAT,aac3II63,3
ACCAGAT,mcr64,3
ACGTCAT,dfrA1,3
ACGTCAT,eae111,3
ACGTCAT,stx11581,3
ACGTTGC,aac3II63,3
ACGTTGC,aadA21,3
ACGTTGC,aatA12314,3
ACGTTGC,stx2181,3
ACTGTGT,eae111,3
AGAAGAC,aadA1,3
AGAAGAC,eae6271,3
AGAAGAC,yjaA12,3
AGCAAAC,aaiC17,3
AGCTGTA,aaiC47,3
AGCTGTA,estIa94,3
AGCTGTA,mcr64,3
ATAGAGC,aac6I6,3
ATAGAGC,aadA57,3
ATCATTA,eae111,3
ATCATTA,eltA4510,3
ATCATTA,mcr64,3
ATCCTCG,aac6I123,3
ATCCTCG,tetM34,3
ATGGTTG,Tsp19,3
ATGGTTG,invE132,3
ATGGTTG,ipaH921,3
ATGGTTG,stx1301,3
ATGGTTG,tetA13,3
CAATCAC,bfpF56,3
CAATCAC,qnrB35,3
CACAGAT,ipaH321,3
CACGTTT,stx11581,3
CAGTAGG,aadA57,3
CATACGT,aaiC47,3
CATCGGT,mcr64,3
CATGAAG,eae111,3
CATGAAG,mphA18,3
CATGAAG,stx2181,3
CCACTAG,aac3II63,3
CCACTAG,eae111,3
CCACTAG,ipaH321,3
CCACTAG,stx2181,3
CCATTCA,aadA57,3
CCGACAT,aatA22,3
CGATCAC,Tsp19,3
CGATCAC,aadA1,3
CGATCAC,astA13,3
CGCATAC,aadA1,3
CGCATAC,aap223,3
CGCATAC,aatA12314,3
CGCATAC,mcr64,3
CGCATAC,mphA18,3
CGCATAC,stx2181,3
CGGATGA,astA13,3
CGGATGA,dfrA1,3
CGGATGA,stx11581,3
CGTTTCA,aap223,3
CGTTTCA,mphA18,3
CGTTTCA,stx2181,3
CTACGTT,aac3II63,3
CTACGTT,aap223,3
CTACGTT,astA13,3
CTACGTT,mphA18,3
CTGACAC,aaiC47,3
CTGCTGT,bfpF56,3
CTGGTAC,aac3II63,3
CTGGTAC,aadA1,3
CTGGTAC,dfrA1,3
CTGGTAC,stx2181,3
CTTTCCA,aadA57,3
CTTTCCA,dfrA1,3
CTTTCCA,mcr64,3
GAACTGA,aadA1,3
GAACTGA,eae111,3
GAATCGA,aadA1,3
GATTGGC,dfrA1,3
GCAAATG,qnrB35,3
GCAACGA,aap223,3
GCAACGA,aatA12314,3
GCAACGA,bfpF56,3
GCCTATA,bfpF56,3
GCTTTCT,dfrA1,3
GGACCTA,aadA21,3
GGACCTA,bfpF56,3
GGACCTA,eae111,3
GGTCATG,aadA1,3
GTCCTCT,aaiC17,3
GTCCTCT,eae111,3
GTCGTAT,ermB1,3
GTCTTCT,aadA1,3
GTCTTCT,aatA12314,3
GTGAAGA,ipaH321,3
GTGAAGA,mphA18,3
GTGATAC,aac6I123,3
GTGATAC,mphA18,3
GTGCTAT,tetM34,3
GTGTCCT,aadA1,3
GTGTCCT,stx2181,3
GTTCTGG,aaiC17,3
GTTCTGG,mcr64,3
GTTGCTA,aaiC17,3
GTTGCTA,aap223,3
GTTTCGG,ermB1,3
TAAGATA,aap223,3
TAAGATA,dfrA1,3
TACCTTC,aatA12314,3
TACCTTC,dfrA1,3
TACCTTC,mcr64,3
TAGAACG,aap223,3
TAGAACG,uidA160,3
TAGAGCG,aadA1,3
TAGAGCG,aap223,3
TAGAGCG,bfpF56,3
TAGATGA,bfpF105,3
TATCGTC,tetM34,3
TATGCAG,aadA57,3
TATGCAG,gadph195,3
TCCTCAT,aatA12314,3
TCGCTAG,qnrB35,3
TCGTACA,aac6I123,3
TCGTACA,aadA1,3
TCGTACA,bfpF56,3
TCGTACA,mcr64,3
TCGTACA,stx11581,3
TCTGGAA,bfpF56,3
TCTGGAA,estIa94,3
TCTGGAA,mcr64,3
TCTTCGT,aatA12314,3
TCTTCGT,stx2181,3
TCTTCGT,uidA160,3
TGACTCT,aadA57,3
TGCAAAC,aac6I123,3
TGCAAAC,aap223,3
TGCATCC,aac6I123,3
TGCATCC,bfpF56,3
TGCCCAA,aac6I6,3
TGCCCAA,dfrA1,3
TGGGTGA,eae111,3
TGGGTGA,mphA18,3
TGTAGGG,aadA1,3
TGTAGGG,dfrA1,3
TGTAGGG,stx11581,3
TGTAGGG,stx2181,3
TGTATGT,aap223,3
TGTGAAC,yjaA12,3
TTCCAGG,eltA4510,3
TTCCAGG,ermB1,3
TTCCAGG,qnrS1,3
TTGCTAC,aadA21,3
TTGCTAC,bfpF56,3
TTGCTAC,eltA4510,3
TTGCTAC,stx11581,3
AAAAGGC,aggR11,2
AAAAGGC,bfpF105,2
AAACCCT,aadA1,2
AAACCCT,aap223,2
AACACCT,eae111,2
AACACCT,estIa94,2
AACAGTG,aac6I123,2
AACAGTG,aadA57,2
AACAGTG,astA13,2
AACGTGT,Tsp19,2
AACGTGT,dfrA1,2
AACGTGT,mcr64,2
AAGCACA,aap223,2
AAGCACA,dfrA1,2
AAGCACA,estIa1515,2
AATGCCT,aap223,2
ACAAAGC,arpA19,2
ACAAAGC,ermB1,2
ACAAAGC,estIa1515,2
ACAAAGC,tetM34,2
ACACGTG,bfpF56,2
ACACGTG,mcr64,2
ACAGGAT,aadA1,2
ACAGGAT,aap223,2
ACAGGAT,stx11581,2
ACATTCA,stx11581,2
ACATTCA,stx2181,2
ACCAGAT,aac6I123,2
ACCAGAT,arpA19,2
ACCAGAT,stx11581,2
ACGGAAC,aap223,2
ACGGAAC,astA13,2
ACGGAAC,dfrA1,2
ACGGAAC,mphA18,2
ACGTCAT,stx2181,2
ACGTTGC,arpA19,2
ACGTTGC,stx11581,2
AGAAGAC,mphA18,2
AGAAGAC,stx11581,2
AGCAAAC,estIa94,2
AGCTGTA,aaiC17,2
AGTCGTG,aac3II63,2
AGTCGTG,dfrA1,2
AGTCGTG,ipaH321,2
AGTCGTG,stx11581,2
ATAGAGC,aac3II63,2
ATAGAGC,aadA1,2
ATAGAGC,astA13,2
ATAGAGC,dfrA1,2
ATCCAGT,aac6I123,2
ATCCAGT,aadA1,2
ATCCAGT,dfrA1,2
ATCCTCG,eae111,2
ATCCTCG,eltA4510,2
ATCCTCG,mphA18,2
ATCCTCG,qnrB35,2
ATGGTTG,bfpA82,2
CAATCAC,stx11581,2
CACAGAT,mcr64,2
CACAGAT,mphA18,2
CACGTTT,aaiC17,2
CACGTTT,aatA12314,2
CACGTTT,eae111,2
CAGTAGG,dfrA1,2
CATACGT,aadA21,2
CATACGT,stx11581,2
CATCGGT,aap223,2
CATCGGT,dfrA1,2
CATGAAG,aadA1,2
CCACTAG,aap223,2
CCACTAG,stx11581,2
CCATCTC,aadA57,2
CCATCTC,ant2Ia1,2
CCATCTC,eltA73,2
CCATCTC,gadph195,2
CCATCTC,sul22,2
CCATTCA,aac3II63,2
CCGACAT,aac6I123,2
CCGACAT,bfpF56,2
CCGACAT,eltB2318,2
CCGCATA,sul336,2
CGATCAC,aac6I6,2
CGCATAC,aaiC17,2
CGCATAC,bfpF56,2
CGCATAC,eae111,2
CGGATGA,aac6I6,2
CGTTTCA,bfpF56,2
CTACGTT,bfpF56,2
CTACGTT,eae111,2
CTACGTT,tetM34,2
CTGACAC,aac6I6,2
CTGACAC,aadA1,2
CTGACAC,mphA18,2
CTGACAC,stx2181,2
CTGCTGT,aaiC17,2
CTGCTGT,eae111,2
CTGCTGT,qnrS1,2
CTGGTAC,bfpF56,2
CTTTCCA,bfpF105,2
GAACTGA,aac6I123,2
GAACTGA,stx2181,2
GATATCG,intI125,2
GATTGGC,aadA1,2
GCAAATG,aaiC17,2
GCAAATG,aap223,2
GCAAATG,bfpF56,2
GCAAATG,stx2181,2
GCAACGA,aac6I123,2
GCAACGA,aaiC47,2
GCACTTT,aac6I6,2
GCACTTT,aap223,2
GCACTTT,intI125,2
GCACTTT,ipaH321,2
GCACTTT,mcr64,2
GCACTTT,mphA18,2
GCCATAC,aac3II63,2
GCCATAC,aatA12314,2
GCCATAC,bfpF105,2
GCCATAC,bfpF56,2
GCCATAC,tetM34,2
GCCTATA,astA13,2
GCCTATA,mcr64,2
GCTTTCT,mcr64,2
GCTTTCT,stx2181,2
GGACCTA,aaiC47,2
GGACCTA,aap223,2
GGACCTA,arpA19,2
GGACCTA,intI125,2
GGACCTA,qnrB35,2
GGTCATG,ermB1,2
GGTCTTG,aadA1,2
GGTCTTG,eae111,2
GTCCTCT,aac6I6,2
GTCCTCT,bfpF56,2
GTCCTCT,stx11581,2
GTCGTAT,aaiC17,2
GTCGTAT,aap223,2
GTCGTAT,eae111,2
GTCTTCT,aap223,2
GTCTTCT,ermB1,2
GTGAAGA,aac6I6,2
GTGAAGA,eltA4510,2
GTGCTAT,eae111,2
GTGCTAT,qnrS1,2
GTGTCCT,aadA57,2
GTGTCCT,aaiC47,2
GTGTCCT,astA13,2
GTGTCCT,ermB1,2
GTTCTGG,aac3II63,2
GTTCTGG,aap223,2
GTTCTGG,bfpF56,2
GTTCTGG,tetM34,2
GTTGCTA,eae111,2
GTTTCGG,arpA19,2
GTTTCGG,bfpF56,2
TAAGATA,stx11581,2
TACCTTC,aadA1,2
TACCTTC,aap223,2
TACCTTC,bfpF56,2
TACCTTC,eae111,2
TACCTTC,eltB12,2
TAGAACG,aac6I123,2
TAGAACG,tetM34,2
TAGAGCG,aaiC17,2
TAGAGCG,tetM34,2
TAGATGA,aafA83,2
TAGATGA,aggR11,2
TAGATGA,arpA19,2
TATCGTC,aaiC47,2
TATCGTC,bfpF56,2
TATCGTC,qnrB35,2
TATGCAG,aadA1,2
TATGCAG,ipaH321,2
TATGCAG,mcr64,2
TCCTCAT,aap223,2
TCCTCAT,qnrS1,2
TCGCGTT,aac3II63,2
TCGCGTT,aadA57,2
TCGCTAG,aaiC47,2
TCGCTAG,ermB1,2
TCGTACA,eae111,2
TCTGGAA,stx11581,2
TCTTCGT,aadA21,2
TCTTCGT,bfpF56,2
TGACTCT,mcr64,2
TGCAAAC,aadA21,2
TGCAAAC,aatA12314,2
TGCAAAC,ermB1,2
TGCAAAC,qnrS1,2
TGCATCC,aadA1,2
TGCCCAA,aadA57,2
TGCCCAA,ipaH321,2
TGCCCAA,stx2181,2
TGGGTGA,aac6I6,2
TGGGTGA,aadA1,2
TGGGTGA,aadA21,2
TGGGTGA,dfrA1,2
TGTAGGG,aac3II63,2
TGTAGGG,aac6I6,2
TGTAGGG,eae111,2
TGTAGGG,estIa94,2
TGTAGGG,mphA18,2
TGTATGT,aadA21,2
TGTATGT,aatA12314,2
TGTATGT,arpA19,2
TGTATGT,eae111,2
TGTGAAC,gadph195,2
TGTGAAC,ipaH321,2
TTCCAGG,eae111,2
TTGCTAC,aaiC47,2
TTGCTAC,eae111,2
TTGCTAC,intI125,2
TTGCTAC,tetM34,2
AAAAGGC,aafA83,1
AAAAGGC,aaiC47,1
AAAAGGC,aph3386,1
AAAAGGC,ermB1,1
AAAAGGC,estIa94,1
AAAAGGC,qnrB35,1
AAACCCT,aac6I123,1
AAACCCT,aaiC47,1
AAACCCT,aggR11,1
AAACCCT,bfpF56,1
AAACCCT,ermB1,1
AAACCCT,estIa94,1
AAACCCT,qnrB35,1
AAACCCT,tetM34,1
AACACCT,aadA21,1
AACACCT,bfpF56,1
AACACCT,eltB12,1
AACACCT,ermB1,1
AACACCT,tetM34,1
AACAGTG,mcr64,1
AACAGTG,stx2181,1
AACCAAG,aap223,1
AACCAAG,arpA19,1
AACCAAG,bfpF56,1
AACCAAG,tetM34,1
AACCGCT,aadA1,1
AACCGCT,aap223,1
AACCGCT,tetM34,1
AACGTGT,aadA1,1
AACGTGT,eae111,1
AACGTGT,eltA4510,1
AACGTGT,estIa94,1
AACGTGT,stx11581,1
AAGCACA,aac3II63,1
AAGCACA,aatA12314,1
AAGCACA,arpA19,1
AAGCACA,bfpF56,1
AAGCACA,mphA18,1
AATGCCT,aac6I123,1
AATGCCT,aadA21,1
AATGCCT,aaiC47,1
AATGCCT,arpA19,1
AATGCCT,eae111,1
ACAAAGC,aadA21,1
ACAAAGC,aatA12314,1
ACAAAGC,eltA4510,1
ACAAAGC,qnrB35,1
ACAAAGC,qnrS1,1
ACACGTG,aac3II63,1
ACACGTG,aap223,1
ACACGTG,aatA12314,1
ACACGTG,eae111,1
ACACGTG,stx2181,1
ACAGGAT,aaiC47,1
ACAGGAT,aph3386,1
ACAGGAT,mcr64,1
ACATTCA,aadA1,1
ACATTCA,aap223,1
ACATTCA,aatA12314,1
ACATTCA,eltA4510,1
ACATTCA,estIa94,1
ACATTCA,mcr64,1
ACCAGAT,aaiC17,1
ACCAGAT,aaiC47,1
ACCAGAT,aap223,1
ACCAGAT,eae111,1
ACCAGAT,qnrB35,1
ACCAGAT,tetM34,1
ACGGAAC,aac3II63,1
ACGGAAC,aac6I123,1
ACGGAAC,aac6I6,1
ACGGAAC,aadA57,1
ACGGAAC,bfpF56,1
ACGGAAC,eltA4510,1
ACGGAAC,stx2181,1
ACGTCAT,aadA1,1
ACGTCAT,aap223,1
ACGTCAT,estIa1515,1
ACGTCAT,qnrS1,1
ACGTCAT,tetM34,1
ACGTTGC,aac6I123,1
ACGTTGC,aaiC17,1
ACGTTGC,aap223,1
ACGTTGC,aggR11,1
ACGTTGC,intI125,1
ACTGTGT,aaiC17,1
ACTGTGT,aatA12314,1
ACTGTGT,bfpF56,1
ACTGTGT,eltA4510,1
ACTGTGT,intI125,1
ACTGTGT,qnrB35,1
AGAAGAC,aac3II63,1
AGAAGAC,aac6I6,1
AGAAGAC,dfrA1,1
AGCAAAC,eltA4510,1
AGCTGTA,aap223,1
AGCTGTA,eae111,1
AGCTGTA,eltB12,1
AGCTGTA,qnrB35,1
AGCTGTA,qnrS1,1
AGTCGTG,mcr64,1
AGTCGTG,stx2181,1
ATAGAGC,aap223,1
ATAGAGC,arpA19,1
ATAGAGC,bfpF56,1
ATCATTA,estIa94,1
ATCCAGT,aaiC17,1
ATCCAGT,aap223,1
ATCCAGT,arpA19,1
ATCCAGT,eae111,1
ATCCAGT,mcr64,1
ATCCTCG,aatA12314,1
ATGGTTG,aadA57,1
ATGGTTG,dfrA369,1
ATGGTTG,mphA18,1
ATGGTTG,stx11581,1
ATGGTTG,sul336,1
ATGGTTG,trpA354,1
CAATCAC,aadA21,1
CAATCAC,eltB12,1
CAATCAC,estIa94,1
CAATCAC,tetM34,1
CACAGAT,aac6I123,1
CACAGAT,aap223,1
CACAGAT,bfpF56,1
CACAGAT,dfrA1,1
CACAGAT,stx11581,1
CACGTTT,qnrB35,1
CAGTAGG,aac6I123,1
CAGTAGG,aadA1,1
CAGTAGG,aap223,1
CAGTAGG,aatA12314,1
CAGTAGG,ermB1,1
CAGTAGG,qnrB35,1
CATACGT,aggR11,1
CATACGT,qnrS1,1
CATCGGT,aac3II63,1
CATCGGT,bfpF56,1
CATCGGT,eae111,1
CATCGGT,estIa94,1
CATCGGT,tetM34,1
CATGAAG,aac6I123,1
CATGAAG,bfpF56,1
CATGAAG,eltA4510,1
CATGAAG,qnrS1,1
CATGAAG,tetM34,1
CCACTAG,aaiC17,1
CCACTAG,arpA19,1
CCACTAG,bfpF56,1
CCACTAG,mcr64,1
CCACTAG,qnrB35,1
CCATCTC,aac6I6,1
CCATCTC,aadA1,1
CCATCTC,dfrA1,1
CCATCTC,eae111,1
CCATCTC,ipaH321,1
CCATCTC,mcr64,1
CCATCTC,mphA18,1
CCATCTC,stx2181,1
CCATCTC,stx23291,1
CCATTCA,aac6I123,1
CCATTCA,aaiC17,1
CCATTCA,eae111,1
CCATTCA,eltA4510,1
CCATTCA,mcr64,1
CCATTCA,stx11581,1
CCATTCA,stx2181,1
CCGACAT,intI125,1
CGATCAC,aaiC17,1
CGATCAC,aatA12314,1
CGATCAC,bfpF56,1
CGATCAC,eae111,1
CGATCAC,eltA4510,1
CGCATAC,arpA19,1
CGCATAC,stx11581,1
CGCATAC,uidA160,1
CGGATGA,aac3II63,1
CGGATGA,mcr64,1
CGTTTCA,aac3II63,1
CGTTTCA,aac6I123,1
CGTTTCA,aadA1,1
CGTTTCA,aaiC17,1
CGTTTCA,eltB12,1
CTACGTT,aadA21,1
CTACGTT,aggR11,1
CTACGTT,mcr64,1
CTACGTT,stx2181,1
CTGACAC,aac3II63,1
CTGACAC,aatA12314,1
CTGACAC,intI125,1
CTGCTGT,aac6I123,1
CTGCTGT,aadA21,1
CTGCTGT,aafA83,1
CTGCTGT,qnrB35,1
CTGCTGT,tetM34,1
CTGGTAC,aadA21,1
CTGGTAC,aaiC47,1
CTGGTAC,aap223,1
CTGGTAC,estIa94,1
CTGGTAC,qnrB35,1
CTTTCCA,aac6I123,1
CTTTCCA,aaiC17,1
CTTTCCA,stx11581,1
GAACTGA,ermB1,1
GAACTGA,tetM34,1
GAATCGA,aaiC17,1
GAATCGA,aatA22,1
GAATCGA,eae111,1
GAATCGA,eltA4510,1
GAATCGA,tetM34,1
GATATCG,aadA21,1
GATTGGC,aac6I123,1
GATTGGC,aaiC47,1
GATTGGC,aatA12314,1
GATTGGC,bfpF105,1
GATTGGC,estIa94,1
GATTGGC,stx2181,1
GCAAATG,aadA1,1
GCAAATG,aadA21,1
GCAAATG,aatA22,1
GCAAATG,eltA4510,1
GCAAATG,stx11581,1
GCAAATG,tetM34,1
GCAACGA,aph3386,1
GCAACGA,eltB2318,1
GCAACGA,estIa94,1
GCACTTT,aac3II63,1
GCACTTT,aaiC17,1
GCACTTT,aatA12314,1
GCACTTT,eae111,1
GCACTTT,stx11581,1
GCACTTT,tetM34,1
GCCATAC,aaiC17,1
GCCATAC,aaiC47,1
GCCATAC,aatA22,1
GCCTATA,aac6I6,1
GCCTATA,dfrA1,1
GCCTATA,mphA18,1
GCCTATA,stx11581,1
GCCTATA,stx2181,1
GCCTATA,stx23291,1
GCTTTCT,aac6I123,1
GCTTTCT,aadA21,1
GCTTTCT,aap223,1
GCTTTCT,eae111,1
GCTTTCT,stx11581,1
GGACCTA,eltA4510,1
GGACCTA,estIa94,1
GGACCTA,qnrS1,1
GGTCATG,aac3II63,1
GGTCATG,aac6I123,1
GGTCATG,aadA21,1
GGTCATG,aatA12314,1
GGTCATG,eltA4510,1
GGTCATG,estIa1515,1
GGTCATG,mcr64,1
GGTCATG,mphA18,1
GGTCTTG,qnrB35,1
GGTCTTG,stx11581,1
GTCCTCT,aac6I123,1
GTCCTCT,aafA83,1
GTCCTCT,aaiC47,1
GTCCTCT,aap223,1
GTCCTCT,aatA12314,1
GTCCTCT,arpA19,1
GTCCTCT,bfpF105,1
GTCCTCT,eltA4510,1
GTCCTCT,intI125,1
GTCCTCT,tetM34,1
GTCGTAT,aph3386,1
GTCGTAT,eltB2318,1
GTCGTAT,estIa94,1
GTCGTAT,intI125,1
GTCGTAT,tetM34,1
GTCTTCT,aac3II63,1
GTCTTCT,arpA19,1
GTCTTCT,bfpF56,1
GTCTTCT,eae111,1
GTCTTCT,mcr64,1
GTCTTCT,qnrB35,1
GTCTTCT,tetM34,1
GTGAAGA,aadA1,1
GTGAAGA,stx11581,1
GTGATAC,aaiC47,1
GTGATAC,aap223,1
GTGATAC,aatA12314,1
GTGATAC,estIa94,1
GTGATAC,qnrB35,1
GTGATAC,qnrS1,1
GTGCTAT,aadA21,1
GTGCTAT,aaiC47,1
GTGCTAT,aggR11,1
GTGCTAT,bfpF56,1
GTGCTAT,eltA4510,1
GTGTCCT,aac6I123,1
GTGTCCT,aaiC17,1
GTGTCCT,qnrB35,1
GTTCTGG,arpA19,1
GTTCTGG,estIa94,1
GTTTCGG,aaiC17,1
GTTTCGG,aaiC47,1
GTTTCGG,estIa94,1
GTTTCGG,qnrB35,1
TAAGATA,aaiC17,1
TAAGATA,bfpF56,1
TAAGATA,eltA4510,1
TAAGATA,tetM34,1
TACCTTC,aac3II63,1
TACCTTC,stx11581,1
TAGAACG,eae111,1
TAGAACG,intI125,1
TAGAGCG,aadA21,1
TAGAGCG,eltA4510,1
TAGAGCG,qnrB35,1
TAGATGA,aph3386,1
TAGATGA,eltB2318,1
TAGATGA,estIa94,1
TATCGTC,bfpF105,1
TATCGTC,eltB12,1
TATCGTC,intI125,1
TATGCAG,aac6I6,1
TATGCAG,dfrA1,1
TCCTCAT,aafA83,1
TCCTCAT,aaiC17,1
TCCTCAT,arpA19,1
TCCTCAT,eae111,1
TCCTCAT,qnrB35,1
TCGCGTT,aac6I123,1
TCGCGTT,aadA1,1
TCGCGTT,aadA21,1
TCGCGTT,aaiC17,1
TCGCGTT,aap223,1
TCGCGTT,dfrA1,1
TCGCGTT,eae111,1
TCGCGTT,qnrB35,1
TCGCGTT,stx2181,1
TCGCTAG,aggR11,1
TCGCTAG,aph3386,1
TCGCTAG,bfpF105,1
TCGCTAG,eltB12,1
TCGCTAG,estIa94,1
TCGTACA,aac3II63,1
TCGTACA,stx2181,1
TCTGGAA,aac3II63,1
TCTGGAA,aadA1,1
TCTGGAA,aaiC17,1
TCTGGAA,aggR11,1
TCTGGAA,bfpF105,1
TCTTCGT,aaiC17,1
TCTTCGT,bfpF105,1
TCTTCGT,eae111,1
TCTTCGT,eltB2318,1
TGACTCT,aac3II63,1
TGACTCT,aadA1,1
TGACTCT,aatA12314,1
TGACTCT,arpA19,1
TGACTCT,bfpF56,1
TGACTCT,dfrA1,1
TGACTCT,qnrS1,1
TGACTCT,tetM34,1
TGCAAAC,aaiC17,1
TGCAAAC,aaiC47,1
TGCAAAC,aggR11,1
TGCAAAC,bfpF105,1
TGCAAAC,bfpF56,1
TGCAAAC,eltA4510,1
TGCATCC,aadA21,1
TGCATCC,aaiC17,1
TGCATCC,eae111,1
TGCATCC,ermB1,1
TGCCCAA,aadA21,1
TGCCCAA,aaiC17,1
TGCCCAA,aap223,1
TGGGTGA,aaiC17,1
TGGGTGA,aap223,1
TGGGTGA,bfpF56,1
TGGGTGA,eltB2318,1
TGGGTGA,estIa94,1
TGGGTGA,tetM34,1
TGTAGGG,aac6I123,1
TGTAGGG,aap223,1
TGTAGGG,aatA12314,1
TGTAGGG,eltA4510,1
TGTATGT,aaiC47,1
TGTATGT,bfpF56,1
TGTATGT,eltA4510,1
TGTATGT,eltB12,1
TGTATGT,ermB1,1
TGTATGT,qnrB35,1
TGTATGT,tetM34,1
TGTGAAC,dfrA1,1
TGTGAAC,stx11581,1
TTCCAGG,aaiC47,1
TTCCAGG,arpA19,1
TTCCAGG,estIa94,1
TTGCTAC,aac6I123,1
TTGCTAC,arpA19,1
TTGCTAC,qnrB35,1
TTGCTAC,qnrS1,1
