barcode,X1,X2,n
521,GCACTTT,tetM34,3
521,GCACTTT,aatA22,1
521,GCACTTT,aac3VI23,1
521,GCACTTT,ipaH921,1
521,GCACTTT,stx2181,1
521,GCACTTT,aph6I29,2
521,GCACTTT,estIa94,1
521,GCACTTT,dfrA15,1
521,GCACTTT,Tsp19,1
521,GCACTTT,tetA13,1
521,GCACTTT,qnrB35,1
521,GCACTTT,sul336,1
521,GCACTTT,uidA616,1
521,GCACTTT,qnrB7,1
521,GCACTTT,chuA24,1
521,GCACTTT,aggR11,1
521,GCACTTT,sul22,1
472,GGTCATG,dfrA58,81246
472,GGTCATG,aph6I29,486
472,GGTCATG,dfrA15,3046
472,GGTCATG,tetA13,105
472,GGTCATG,ant2Ia1,42
472,GGTCATG,dfrA243,407
472,GGTCATG,stx1301,14
472,GGTCATG,invE132,22
472,GGTCATG,qnrB7,488
472,GGTCATG,mcr28,30
472,GGTCATG,ipaH321,27
472,GGTCATG,ipaH921,112
472,GGTCATG,bfpA82,53
472,GGTCATG,dfrA369,61
472,GGTCATG,sul336,37
472,GGTCATG,tetB43,40
472,GGTCATG,trpA354,22
472,GGTCATG,qnrB35,9
472,GGTCATG,intI125,16
472,GGTCATG,gadph195,17
472,GGTCATG,eltA73,23
472,GGTCATG,aatA12314,8
472,GGTCATG,bfpF56,16
472,GGTCATG,aac3II63,13
472,GGTCATG,aac3VI23,36
472,GGTCATG,yjaA12,13
472,GGTCATG,eae6271,15
472,GGTCATG,ermB1,1
472,GGTCATG,sul15,86
472,GGTCATG,stx2181,13
472,GGTCATG,aap223,32
472,GGTCATG,sul22,11
472,GGTCATG,astA13,8
472,GGTCATG,bfpF105,5
472,GGTCATG,aadA57,14
472,GGTCATG,uidA160,10
472,GGTCATG,aac6I6,16
472,GGTCATG,chuA24,35
472,GGTCATG,stx23291,26
472,GGTCATG,uidA616,26
472,GGTCATG,aac6I123,9
472,GGTCATG,dfrA1,4
472,GGTCATG,mphA18,9
472,GGTCATG,aaiC17,5
472,GGTCATG,Tsp19,8
472,GGTCATG,qnrS1,4
472,GGTCATG,eltA4510,5
472,GGTCATG,aafA83,1
472,GGTCATG,aph3386,6
472,GGTCATG,aadA21,3
472,GGTCATG,eae111,4
472,GGTCATG,tetM34,1
472,GGTCATG,stx11581,2
472,GGTCATG,aadA1,9
472,GGTCATG,eltB2318,1
472,GGTCATG,estIa94,3
472,GGTCATG,aatA22,1
472,GGTCATG,estIa1515,1
514,GCCATAC,uidA616,80994
514,GCCATAC,chuA24,22
514,GCCATAC,dfrA15,3108
514,GCCATAC,aac3II63,23
514,GCCATAC,dfrA243,242
514,GCCATAC,qnrB7,467
514,GCCATAC,ant2Ia1,54
514,GCCATAC,aac6I6,7
514,GCCATAC,ipaH921,108
514,GCCATAC,aph6I29,375
514,GCCATAC,invE132,22
514,GCCATAC,dfrA58,133
514,GCCATAC,bfpA82,33
514,GCCATAC,dfrA369,65
514,GCCATAC,tetA13,108
514,GCCATAC,stx1301,18
514,GCCATAC,eltA73,37
514,GCCATAC,mcr28,40
514,GCCATAC,ipaH321,30
514,GCCATAC,ermB1,2
514,GCCATAC,eltB2318,5
514,GCCATAC,mcr64,2
514,GCCATAC,aac6I123,8
514,GCCATAC,bfpF56,19
514,GCCATAC,eae6271,9
514,GCCATAC,astA13,17
514,GCCATAC,sul22,13
514,GCCATAC,tetB43,22
514,GCCATAC,sul336,50
514,GCCATAC,qnrS1,12
514,GCCATAC,aaiC17,6
514,GCCATAC,qnrB35,14
514,GCCATAC,estIa94,4
514,GCCATAC,aatA12314,8
514,GCCATAC,uidA160,22
514,GCCATAC,Tsp19,8
514,GCCATAC,aac3VI23,38
514,GCCATAC,trpA354,19
514,GCCATAC,mphA18,10
514,GCCATAC,sul15,68
514,GCCATAC,gadph195,10
514,GCCATAC,aadA21,9
514,GCCATAC,aadA1,19
514,GCCATAC,eae111,1
514,GCCATAC,aap223,25
514,GCCATAC,tetM34,2
514,GCCATAC,stx2181,13
514,GCCATAC,stx23291,20
514,GCCATAC,intI125,6
514,GCCATAC,aadA57,23
514,GCCATAC,yjaA12,22
514,GCCATAC,dfrA1,7
514,GCCATAC,aggR11,1
514,GCCATAC,aatA22,3
514,GCCATAC,eltA4510,4
514,GCCATAC,aaiC47,1
514,GCCATAC,aafA83,2
514,GCCATAC,estIa1515,2
514,GCCATAC,arpA19,1
514,GCCATAC,bfpF105,2
514,GCCATAC,stx11581,2
514,GCCATAC,eltB12,1
514,GCCATAC,aph3386,1
456,GTTGCTA,aac3VI23,89186
456,GTTGCTA,dfrA15,1813
456,GTTGCTA,dfrA243,133
456,GTTGCTA,qnrB7,316
456,GTTGCTA,aph6I29,248
456,GTTGCTA,bfpA82,25
456,GTTGCTA,dfrA369,52
456,GTTGCTA,uidA616,20
456,GTTGCTA,ipaH321,29
456,GTTGCTA,stx23291,19
456,GTTGCTA,tetA13,67
456,GTTGCTA,sul22,5
456,GTTGCTA,mcr64,4
456,GTTGCTA,mphA18,10
456,GTTGCTA,sul15,62
456,GTTGCTA,aap223,29
456,GTTGCTA,ipaH921,77
456,GTTGCTA,eltA73,25
456,GTTGCTA,uidA160,12
456,GTTGCTA,chuA24,27
456,GTTGCTA,aatA12314,10
456,GTTGCTA,aadA57,14
456,GTTGCTA,qnrB35,15
456,GTTGCTA,bfpF56,21
456,GTTGCTA,aac6I123,13
456,GTTGCTA,eae6271,7
456,GTTGCTA,sul336,40
456,GTTGCTA,dfrA58,93
456,GTTGCTA,yjaA12,7
456,GTTGCTA,stx11581,5
456,GTTGCTA,ant2Ia1,42
456,GTTGCTA,aac3II63,53
456,GTTGCTA,dfrA1,6
456,GTTGCTA,stx2181,18
456,GTTGCTA,mcr28,28
456,GTTGCTA,qnrS1,6
456,GTTGCTA,stx1301,11
456,GTTGCTA,bfpF105,3
456,GTTGCTA,gadph195,12
456,GTTGCTA,aadA21,3
456,GTTGCTA,invE132,16
456,GTTGCTA,astA13,16
456,GTTGCTA,intI125,10
456,GTTGCTA,trpA354,27
456,GTTGCTA,arpA19,2
456,GTTGCTA,aaiC17,8
456,GTTGCTA,eae111,5
456,GTTGCTA,tetB43,21
456,GTTGCTA,aac6I6,10
456,GTTGCTA,estIa94,3
456,GTTGCTA,tetM34,3
456,GTTGCTA,estIa1515,3
456,GTTGCTA,Tsp19,9
456,GTTGCTA,aadA1,13
456,GTTGCTA,eltA4510,3
456,GTTGCTA,aph3386,3
456,GTTGCTA,eltB12,2
456,GTTGCTA,eltB2318,5
456,GTTGCTA,aggR11,1
456,GTTGCTA,aafA83,3
456,GTTGCTA,ermB1,1
461,GGACCTA,aph6I29,95038
461,GGACCTA,dfrA15,2356
461,GGACCTA,dfrA243,166
461,GGACCTA,ipaH321,21
461,GGACCTA,aap223,37
461,GGACCTA,aac6I6,17
461,GGACCTA,invE132,19
461,GGACCTA,ant2Ia1,36
461,GGACCTA,bfpF56,7
461,GGACCTA,eae111,4
461,GGACCTA,stx23291,14
461,GGACCTA,aac3VI23,45
461,GGACCTA,eae6271,13
461,GGACCTA,ipaH921,113
461,GGACCTA,tetA13,67
461,GGACCTA,eltB2318,3
461,GGACCTA,dfrA58,85
461,GGACCTA,qnrB7,360
461,GGACCTA,trpA354,16
461,GGACCTA,sul15,56
461,GGACCTA,stx2181,11
461,GGACCTA,bfpA82,38
461,GGACCTA,intI125,10
461,GGACCTA,mcr28,39
461,GGACCTA,aadA57,14
461,GGACCTA,eltA4510,5
461,GGACCTA,chuA24,30
461,GGACCTA,dfrA369,77
461,GGACCTA,stx1301,9
461,GGACCTA,sul22,9
461,GGACCTA,aaiC17,5
461,GGACCTA,sul336,31
461,GGACCTA,aadA1,11
461,GGACCTA,aac3II63,12
461,GGACCTA,aadA21,3
461,GGACCTA,uidA616,23
461,GGACCTA,Tsp19,10
461,GGACCTA,mcr64,6
461,GGACCTA,yjaA12,14
461,GGACCTA,eltA73,14
461,GGACCTA,tetB43,21
461,GGACCTA,uidA160,15
461,GGACCTA,qnrB35,3
461,GGACCTA,astA13,14
461,GGACCTA,aac6I123,8
461,GGACCTA,aatA12314,5
461,GGACCTA,gadph195,14
461,GGACCTA,estIa94,3
461,GGACCTA,mphA18,8
461,GGACCTA,aatA22,3
461,GGACCTA,tetM34,7
461,GGACCTA,stx11581,2
461,GGACCTA,arpA19,1
461,GGACCTA,qnrS1,2
461,GGACCTA,dfrA1,3
461,GGACCTA,estIa1515,1
461,GGACCTA,aph3386,4
461,GGACCTA,aafA83,3
469,GTGTCCT,dfrA243,54721
469,GTGTCCT,dfrA15,2813
469,GTGTCCT,tetA13,75
469,GTGTCCT,qnrB7,498
469,GTGTCCT,aph6I29,416
469,GTGTCCT,aadA57,21
469,GTGTCCT,aap223,46
469,GTGTCCT,dfrA369,87
469,GTGTCCT,aac6I123,11
469,GTGTCCT,tetB43,21
469,GTGTCCT,ipaH921,108
469,GTGTCCT,dfrA58,56
469,GTGTCCT,invE132,25
469,GTGTCCT,aac3VI23,50
469,GTGTCCT,aac3II63,12
469,GTGTCCT,yjaA12,7
469,GTGTCCT,sul336,49
469,GTGTCCT,mphA18,18
469,GTGTCCT,trpA354,16
469,GTGTCCT,intI125,11
469,GTGTCCT,bfpA82,43
469,GTGTCCT,aatA12314,11
469,GTGTCCT,sul15,69
469,GTGTCCT,ant2Ia1,50
469,GTGTCCT,uidA616,27
469,GTGTCCT,gadph195,17
469,GTGTCCT,stx2181,12
469,GTGTCCT,aph3386,4
469,GTGTCCT,stx23291,24
469,GTGTCCT,aac6I6,12
469,GTGTCCT,Tsp19,11
469,GTGTCCT,bfpF56,12
469,GTGTCCT,aadA1,14
469,GTGTCCT,eae6271,4
469,GTGTCCT,chuA24,26
469,GTGTCCT,mcr28,38
469,GTGTCCT,sul22,7
469,GTGTCCT,eltA73,28
469,GTGTCCT,qnrS1,13
469,GTGTCCT,tetM34,6
469,GTGTCCT,aaiC17,6
469,GTGTCCT,qnrB35,9
469,GTGTCCT,stx1301,14
469,GTGTCCT,astA13,11
469,GTGTCCT,ipaH321,18
469,GTGTCCT,eltB12,3
469,GTGTCCT,uidA160,9
469,GTGTCCT,eltA4510,4
469,GTGTCCT,bfpF105,2
469,GTGTCCT,aafA83,2
469,GTGTCCT,eae111,1
469,GTGTCCT,estIa1515,1
469,GTGTCCT,aadA21,3
469,GTGTCCT,eltB2318,1
469,GTGTCCT,aatA22,1
469,GTGTCCT,dfrA1,1
469,GTGTCCT,mcr64,2
469,GTGTCCT,ermB1,1
469,GTGTCCT,stx11581,1
509,ACCAGAT,aap223,101098
509,ACCAGAT,invE132,26
509,ACCAGAT,dfrA15,2533
509,ACCAGAT,sul22,11
509,ACCAGAT,qnrB7,528
509,ACCAGAT,aph6I29,335
509,ACCAGAT,tetA13,79
509,ACCAGAT,astA13,23
509,ACCAGAT,aac6I123,15
509,ACCAGAT,ipaH921,104
509,ACCAGAT,aac3II63,21
509,ACCAGAT,dfrA369,81
509,ACCAGAT,bfpA82,52
509,ACCAGAT,tetB43,35
509,ACCAGAT,dfrA243,177
509,ACCAGAT,dfrA58,100
509,ACCAGAT,ant2Ia1,36
509,ACCAGAT,yjaA12,16
509,ACCAGAT,aadA21,11
509,ACCAGAT,sul336,41
509,ACCAGAT,uidA616,23
509,ACCAGAT,intI125,12
509,ACCAGAT,bfpF56,22
509,ACCAGAT,qnrB35,8
509,ACCAGAT,sul15,72
509,ACCAGAT,bfpF105,4
509,ACCAGAT,eltA4510,6
509,ACCAGAT,aadA1,9
509,ACCAGAT,ermB1,1
509,ACCAGAT,trpA354,18
509,ACCAGAT,stx23291,24
509,ACCAGAT,eae6271,14
509,ACCAGAT,mcr28,30
509,ACCAGAT,mphA18,23
509,ACCAGAT,aadA57,18
509,ACCAGAT,aatA12314,21
509,ACCAGAT,Tsp19,10
509,ACCAGAT,eltA73,28
509,ACCAGAT,aaiC17,10
509,ACCAGAT,aac3VI23,41
509,ACCAGAT,gadph195,14
509,ACCAGAT,stx1301,17
509,ACCAGAT,chuA24,24
509,ACCAGAT,ipaH321,21
509,ACCAGAT,uidA160,14
509,ACCAGAT,aph3386,3
509,ACCAGAT,eae111,8
509,ACCAGAT,aac6I6,18
509,ACCAGAT,stx2181,10
509,ACCAGAT,tetM34,2
509,ACCAGAT,stx11581,5
509,ACCAGAT,eltB12,2
509,ACCAGAT,aatA22,1
509,ACCAGAT,qnrS1,5
509,ACCAGAT,mcr64,2
509,ACCAGAT,eltB2318,3
509,ACCAGAT,arpA19,1
509,ACCAGAT,aggR11,1
509,ACCAGAT,dfrA1,1
509,ACCAGAT,estIa94,1
468,TCTTCGT,mphA18,65327
468,TCTTCGT,dfrA15,3261
468,TCTTCGT,dfrA243,241
468,TCTTCGT,estIa94,2
468,TCTTCGT,aac6I123,10
468,TCTTCGT,sul336,30
468,TCTTCGT,aap223,37
468,TCTTCGT,dfrA58,111
468,TCTTCGT,sul15,107
468,TCTTCGT,qnrB7,493
468,TCTTCGT,aph6I29,438
468,TCTTCGT,dfrA369,84
468,TCTTCGT,invE132,22
468,TCTTCGT,bfpF56,16
468,TCTTCGT,aac3VI23,37
468,TCTTCGT,aafA83,2
468,TCTTCGT,mcr28,28
468,TCTTCGT,intI125,15
468,TCTTCGT,uidA616,21
468,TCTTCGT,tetA13,98
468,TCTTCGT,aatA12314,10
468,TCTTCGT,chuA24,26
468,TCTTCGT,astA13,18
468,TCTTCGT,gadph195,11
468,TCTTCGT,ipaH921,106
468,TCTTCGT,qnrB35,14
468,TCTTCGT,eltA73,14
468,TCTTCGT,Tsp19,12
468,TCTTCGT,aaiC17,5
468,TCTTCGT,sul22,11
468,TCTTCGT,stx23291,28
468,TCTTCGT,tetB43,25
468,TCTTCGT,bfpA82,45
468,TCTTCGT,ant2Ia1,45
468,TCTTCGT,aac6I6,17
468,TCTTCGT,ipaH321,16
468,TCTTCGT,stx11581,3
468,TCTTCGT,stx2181,8
468,TCTTCGT,stx1301,14
468,TCTTCGT,uidA160,9
468,TCTTCGT,aatA22,1
468,TCTTCGT,aac3II63,14
468,TCTTCGT,trpA354,19
468,TCTTCGT,aadA57,21
468,TCTTCGT,eltA4510,3
468,TCTTCGT,aadA1,13
468,TCTTCGT,ermB1,3
468,TCTTCGT,tetM34,2
468,TCTTCGT,bfpF105,4
468,TCTTCGT,aph3386,4
468,TCTTCGT,yjaA12,14
468,TCTTCGT,eltB12,1
468,TCTTCGT,eltB2318,2
468,TCTTCGT,mcr64,4
468,TCTTCGT,eae6271,4
468,TCTTCGT,estIa1515,1
468,TCTTCGT,qnrS1,1
468,TCTTCGT,dfrA1,1
468,TCTTCGT,aggR11,1
468,TCTTCGT,eae111,2
468,TCTTCGT,aadA21,3
483,TGGGTGA,astA13,50261
483,TGGGTGA,dfrA15,2625
483,TGGGTGA,aph6I29,367
483,TGGGTGA,qnrB7,403
483,TGGGTGA,tetA13,71
483,TGGGTGA,dfrA369,72
483,TGGGTGA,aap223,33
483,TGGGTGA,dfrA58,109
483,TGGGTGA,dfrA243,180
483,TGGGTGA,ant2Ia1,33
483,TGGGTGA,tetB43,18
483,TGGGTGA,ipaH921,86
483,TGGGTGA,eltA73,17
483,TGGGTGA,mcr28,28
483,TGGGTGA,uidA616,16
483,TGGGTGA,bfpF56,10
483,TGGGTGA,aac3II63,13
483,TGGGTGA,gadph195,11
483,TGGGTGA,tetM34,3
483,TGGGTGA,eae111,4
483,TGGGTGA,sul15,68
483,TGGGTGA,stx23291,17
483,TGGGTGA,aac3VI23,27
483,TGGGTGA,chuA24,16
483,TGGGTGA,aatA12314,13
483,TGGGTGA,aadA57,9
483,TGGGTGA,invE132,16
483,TGGGTGA,sul336,35
483,TGGGTGA,sul22,7
483,TGGGTGA,trpA354,12
483,TGGGTGA,aadA1,6
483,TGGGTGA,yjaA12,4
483,TGGGTGA,uidA160,5
483,TGGGTGA,aac6I6,8
483,TGGGTGA,bfpA82,21
483,TGGGTGA,aadA21,4
483,TGGGTGA,eae6271,8
483,TGGGTGA,aph3386,4
483,TGGGTGA,eltB12,1
483,TGGGTGA,qnrB35,2
483,TGGGTGA,qnrS1,4
483,TGGGTGA,aac6I123,6
483,TGGGTGA,mphA18,10
483,TGGGTGA,stx1301,4
483,TGGGTGA,ipaH321,15
483,TGGGTGA,dfrA1,2
483,TGGGTGA,eltA4510,3
483,TGGGTGA,aaiC17,3
483,TGGGTGA,intI125,7
483,TGGGTGA,stx11581,5
483,TGGGTGA,estIa1515,1
483,TGGGTGA,stx2181,3
483,TGGGTGA,Tsp19,7
483,TGGGTGA,aggR11,1
483,TGGGTGA,mcr64,1
483,TGGGTGA,eltB2318,2
483,TGGGTGA,estIa94,1
483,TGGGTGA,aatA22,3
517,CTACGTT,chuA24,88237
517,CTACGTT,aph3386,2
517,CTACGTT,dfrA15,2251
517,CTACGTT,bfpA82,47
517,CTACGTT,qnrB7,435
517,CTACGTT,mcr28,45
517,CTACGTT,ipaH921,78
517,CTACGTT,aph6I29,249
517,CTACGTT,dfrA243,194
517,CTACGTT,sul15,65
517,CTACGTT,dfrA58,101
517,CTACGTT,tetA13,65
517,CTACGTT,aap223,25
517,CTACGTT,stx2181,13
517,CTACGTT,ipaH321,23
517,CTACGTT,mphA18,15
517,CTACGTT,trpA354,12
517,CTACGTT,tetB43,28
517,CTACGTT,aac6I123,10
517,CTACGTT,dfrA369,96
517,CTACGTT,gadph195,14
517,CTACGTT,sul22,10
517,CTACGTT,aac3VI23,28
517,CTACGTT,ant2Ia1,35
517,CTACGTT,yjaA12,10
517,CTACGTT,Tsp19,5
517,CTACGTT,aadA57,21
517,CTACGTT,sul336,31
517,CTACGTT,bfpF56,13
517,CTACGTT,uidA616,23
517,CTACGTT,eae6271,13
517,CTACGTT,aadA1,13
517,CTACGTT,aac3II63,12
517,CTACGTT,astA13,7
517,CTACGTT,qnrB35,8
517,CTACGTT,aac6I6,11
517,CTACGTT,invE132,31
517,CTACGTT,eltA73,25
517,CTACGTT,aatA12314,5
517,CTACGTT,eltA4510,4
517,CTACGTT,intI125,8
517,CTACGTT,qnrS1,7
517,CTACGTT,eae111,3
517,CTACGTT,stx11581,2
517,CTACGTT,estIa94,4
517,CTACGTT,eltB2318,3
517,CTACGTT,stx1301,8
517,CTACGTT,aatA22,2
517,CTACGTT,uidA160,11
517,CTACGTT,stx23291,16
517,CTACGTT,aaiC17,4
517,CTACGTT,aadA21,2
517,CTACGTT,estIa1515,1
517,CTACGTT,dfrA1,1
517,CTACGTT,eltB12,1
517,CTACGTT,tetM34,4
517,CTACGTT,bfpF105,1
517,CTACGTT,arpA19,1
517,CTACGTT,aggR11,1
517,CTACGTT,aafA83,1
517,CTACGTT,aaiC47,1
455,CTGGTAC,aac3II63,85058
455,CTGGTAC,qnrB7,448
455,CTGGTAC,dfrA15,2560
455,CTGGTAC,chuA24,33
455,CTGGTAC,ant2Ia1,40
455,CTGGTAC,trpA354,22
455,CTGGTAC,dfrA243,162
455,CTGGTAC,dfrA369,85
455,CTGGTAC,dfrA58,109
455,CTGGTAC,tetB43,23
455,CTGGTAC,mcr28,41
455,CTGGTAC,aph6I29,336
455,CTGGTAC,sul336,34
455,CTGGTAC,ipaH921,103
455,CTGGTAC,invE132,30
455,CTGGTAC,uidA616,29
455,CTGGTAC,bfpA82,39
455,CTGGTAC,aadA1,18
455,CTGGTAC,qnrB35,10
455,CTGGTAC,stx2181,7
455,CTGGTAC,uidA160,15
455,CTGGTAC,eae6271,16
455,CTGGTAC,eltA73,30
455,CTGGTAC,sul15,74
455,CTGGTAC,ipaH321,22
455,CTGGTAC,sul22,13
455,CTGGTAC,tetA13,84
455,CTGGTAC,yjaA12,19
455,CTGGTAC,aap223,26
455,CTGGTAC,Tsp19,14
455,CTGGTAC,astA13,11
455,CTGGTAC,stx1301,17
455,CTGGTAC,ermB1,1
455,CTGGTAC,stx23291,16
455,CTGGTAC,eltB2318,8
455,CTGGTAC,bfpF56,18
455,CTGGTAC,aac6I123,10
455,CTGGTAC,aac3VI23,30
455,CTGGTAC,qnrS1,11
455,CTGGTAC,mcr64,3
455,CTGGTAC,aatA12314,7
455,CTGGTAC,aadA57,9
455,CTGGTAC,aadA21,4
455,CTGGTAC,estIa94,5
455,CTGGTAC,intI125,12
455,CTGGTAC,mphA18,6
455,CTGGTAC,gadph195,13
455,CTGGTAC,eltA4510,4
455,CTGGTAC,aac6I6,14
455,CTGGTAC,eae111,2
455,CTGGTAC,dfrA1,1
455,CTGGTAC,estIa1515,2
455,CTGGTAC,aaiC17,3
455,CTGGTAC,tetM34,2
455,CTGGTAC,aph3386,1
455,CTGGTAC,arpA19,1
455,CTGGTAC,bfpF105,1
464,TTCCAGG,qnrB35,44788
464,TTCCAGG,dfrA369,68
464,TTCCAGG,qnrB7,957
464,TTCCAGG,dfrA15,3233
464,TTCCAGG,aadA1,10
464,TTCCAGG,tetA13,73
464,TTCCAGG,dfrA58,147
464,TTCCAGG,aac3VI23,26
464,TTCCAGG,ipaH921,94
464,TTCCAGG,aph6I29,403
464,TTCCAGG,dfrA243,203
464,TTCCAGG,stx1301,16
464,TTCCAGG,intI125,6
464,TTCCAGG,ant2Ia1,31
464,TTCCAGG,astA13,14
464,TTCCAGG,bfpF56,11
464,TTCCAGG,mcr28,40
464,TTCCAGG,sul15,70
464,TTCCAGG,uidA616,17
464,TTCCAGG,trpA354,25
464,TTCCAGG,aph3386,2
464,TTCCAGG,stx23291,23
464,TTCCAGG,aap223,16
464,TTCCAGG,ipaH321,15
464,TTCCAGG,eltA73,19
464,TTCCAGG,bfpA82,56
464,TTCCAGG,sul336,35
464,TTCCAGG,Tsp19,9
464,TTCCAGG,sul22,9
464,TTCCAGG,eltA4510,2
464,TTCCAGG,stx2181,6
464,TTCCAGG,chuA24,21
464,TTCCAGG,aadA21,7
464,TTCCAGG,tetB43,23
464,TTCCAGG,dfrA1,4
464,TTCCAGG,yjaA12,13
464,TTCCAGG,gadph195,15
464,TTCCAGG,bfpF105,3
464,TTCCAGG,aac3II63,7
464,TTCCAGG,aadA57,12
464,TTCCAGG,estIa94,5
464,TTCCAGG,invE132,19
464,TTCCAGG,aac6I123,4
464,TTCCAGG,aatA12314,5
464,TTCCAGG,uidA160,7
464,TTCCAGG,eae6271,7
464,TTCCAGG,qnrS1,5
464,TTCCAGG,mphA18,9
464,TTCCAGG,tetM34,1
464,TTCCAGG,eae111,4
464,TTCCAGG,aac6I6,7
464,TTCCAGG,aaiC17,4
464,TTCCAGG,aatA22,2
464,TTCCAGG,eltB2318,1
486,TCGTACA,ipaH321,67533
486,TCGTACA,dfrA243,174
486,TCGTACA,trpA354,18
486,TCGTACA,dfrA15,2476
486,TCGTACA,sul336,41
486,TCGTACA,aph6I29,330
486,TCGTACA,aaiC17,5
486,TCGTACA,ipaH921,81
486,TCGTACA,yjaA12,10
486,TCGTACA,qnrB7,403
486,TCGTACA,sul15,60
486,TCGTACA,dfrA58,110
486,TCGTACA,invE132,22
486,TCGTACA,aac3VI23,28
486,TCGTACA,aap223,20
486,TCGTACA,mcr28,38
486,TCGTACA,tetA13,74
486,TCGTACA,aatA12314,8
486,TCGTACA,dfrA369,65
486,TCGTACA,astA13,11
486,TCGTACA,ant2Ia1,32
486,TCGTACA,bfpA82,43
486,TCGTACA,tetB43,12
486,TCGTACA,bfpF56,11
486,TCGTACA,eltA73,26
486,TCGTACA,qnrS1,6
486,TCGTACA,aatA22,2
486,TCGTACA,stx1301,15
486,TCGTACA,eae111,5
486,TCGTACA,sul22,3
486,TCGTACA,aac6I123,8
486,TCGTACA,qnrB35,11
486,TCGTACA,aac6I6,12
486,TCGTACA,Tsp19,13
486,TCGTACA,uidA160,17
486,TCGTACA,dfrA1,3
486,TCGTACA,uidA616,18
486,TCGTACA,aadA57,10
486,TCGTACA,stx23291,21
486,TCGTACA,aadA1,12
486,TCGTACA,eltB12,1
486,TCGTACA,eltA4510,4
486,TCGTACA,bfpF105,3
486,TCGTACA,chuA24,15
486,TCGTACA,stx11581,2
486,TCGTACA,eae6271,10
486,TCGTACA,stx2181,5
486,TCGTACA,gadph195,6
486,TCGTACA,mphA18,4
486,TCGTACA,aadA21,2
486,TCGTACA,aggR11,2
486,TCGTACA,aac3II63,6
486,TCGTACA,estIa94,2
486,TCGTACA,mcr64,3
486,TCGTACA,intI125,5
486,TCGTACA,aph3386,3
486,TCGTACA,ermB1,1
486,TCGTACA,arpA19,1
486,TCGTACA,tetM34,1
515,TACCTTC,gadph195,57825
515,TACCTTC,dfrA15,4555
515,TACCTTC,qnrB7,682
515,TACCTTC,aadA1,11
515,TACCTTC,mcr28,44
515,TACCTTC,sul15,94
515,TACCTTC,dfrA243,319
515,TACCTTC,ipaH921,178
515,TACCTTC,mphA18,8
515,TACCTTC,dfrA58,158
515,TACCTTC,dfrA369,103
515,TACCTTC,aac3II63,11
515,TACCTTC,aph6I29,561
515,TACCTTC,bfpA82,80
515,TACCTTC,ipaH321,20
515,TACCTTC,estIa94,2
515,TACCTTC,aap223,15
515,TACCTTC,sul336,43
515,TACCTTC,tetA13,125
515,TACCTTC,ant2Ia1,43
515,TACCTTC,uidA160,16
515,TACCTTC,eae6271,11
515,TACCTTC,uidA616,18
515,TACCTTC,aac3VI23,45
515,TACCTTC,bfpF56,7
515,TACCTTC,tetB43,31
515,TACCTTC,intI125,5
515,TACCTTC,stx1301,19
515,TACCTTC,eltA73,21
515,TACCTTC,yjaA12,17
515,TACCTTC,invE132,32
515,TACCTTC,aatA12314,11
515,TACCTTC,trpA354,26
515,TACCTTC,Tsp19,7
515,TACCTTC,stx23291,17
515,TACCTTC,aadA21,3
515,TACCTTC,eltB2318,1
515,TACCTTC,aph3386,6
515,TACCTTC,qnrB35,5
515,TACCTTC,chuA24,18
515,TACCTTC,aadA57,5
515,TACCTTC,qnrS1,4
515,TACCTTC,mcr64,3
515,TACCTTC,stx2181,9
515,TACCTTC,sul22,13
515,TACCTTC,bfpF105,2
515,TACCTTC,astA13,11
515,TACCTTC,eae111,4
515,TACCTTC,aac6I123,5
515,TACCTTC,aac6I6,5
515,TACCTTC,dfrA1,2
515,TACCTTC,eltA4510,2
515,TACCTTC,aatA22,2
515,TACCTTC,aaiC17,2
515,TACCTTC,stx11581,1
515,TACCTTC,aaiC47,1
515,TACCTTC,tetM34,1
454,ACTGTGT,aadA57,54340
454,ACTGTGT,dfrA369,70
454,ACTGTGT,qnrB7,423
454,ACTGTGT,dfrA15,2434
454,ACTGTGT,aph6I29,334
454,ACTGTGT,dfrA58,97
454,ACTGTGT,tetA13,71
454,ACTGTGT,sul336,37
454,ACTGTGT,sul15,58
454,ACTGTGT,ipaH921,88
454,ACTGTGT,dfrA243,162
454,ACTGTGT,stx1301,9
454,ACTGTGT,mcr28,33
454,ACTGTGT,aac3II63,13
454,ACTGTGT,aaiC17,6
454,ACTGTGT,ant2Ia1,27
454,ACTGTGT,gadph195,8
454,ACTGTGT,ipaH321,17
454,ACTGTGT,chuA24,20
454,ACTGTGT,invE132,26
454,ACTGTGT,uidA616,25
454,ACTGTGT,bfpA82,46
454,ACTGTGT,uidA160,11
454,ACTGTGT,tetB43,21
454,ACTGTGT,qnrS1,6
454,ACTGTGT,Tsp19,9
454,ACTGTGT,mphA18,11
454,ACTGTGT,stx2181,3
454,ACTGTGT,trpA354,15
454,ACTGTGT,aac6I6,13
454,ACTGTGT,bfpF56,8
454,ACTGTGT,aadA1,8
454,ACTGTGT,sul22,9
454,ACTGTGT,aap223,25
454,ACTGTGT,stx23291,13
454,ACTGTGT,yjaA12,10
454,ACTGTGT,aatA12314,7
454,ACTGTGT,aac3VI23,25
454,ACTGTGT,intI125,5
454,ACTGTGT,eae6271,5
454,ACTGTGT,estIa94,1
454,ACTGTGT,bfpF105,2
454,ACTGTGT,astA13,6
454,ACTGTGT,aatA22,3
454,ACTGTGT,aph3386,3
454,ACTGTGT,eae111,1
454,ACTGTGT,stx11581,1
454,ACTGTGT,eltA73,9
454,ACTGTGT,aafA83,1
454,ACTGTGT,qnrB35,8
454,ACTGTGT,dfrA1,4
454,ACTGTGT,ermB1,1
454,ACTGTGT,mcr64,1
454,ACTGTGT,aaiC47,1
454,ACTGTGT,eltB2318,2
454,ACTGTGT,eltB12,1
454,ACTGTGT,tetM34,5
454,ACTGTGT,aac6I123,2
492,CAGTAGG,stx23291,67194
492,CAGTAGG,aph6I29,527
492,CAGTAGG,dfrA243,282
492,CAGTAGG,dfrA15,3574
492,CAGTAGG,qnrB7,571
492,CAGTAGG,trpA354,25
492,CAGTAGG,intI125,9
492,CAGTAGG,ipaH921,143
492,CAGTAGG,ipaH321,20
492,CAGTAGG,dfrA369,91
492,CAGTAGG,tetA13,133
492,CAGTAGG,sul15,84
492,CAGTAGG,dfrA58,150
492,CAGTAGG,qnrB35,12
492,CAGTAGG,astA13,13
492,CAGTAGG,aadA1,16
492,CAGTAGG,sul336,51
492,CAGTAGG,chuA24,30
492,CAGTAGG,bfpA82,47
492,CAGTAGG,aaiC17,3
492,CAGTAGG,ant2Ia1,44
492,CAGTAGG,aac3VI23,37
492,CAGTAGG,bfpF56,14
492,CAGTAGG,invE132,24
492,CAGTAGG,mcr28,47
492,CAGTAGG,Tsp19,12
492,CAGTAGG,tetB43,43
492,CAGTAGG,eltA4510,7
492,CAGTAGG,aac6I6,11
492,CAGTAGG,uidA616,21
492,CAGTAGG,aadA21,2
492,CAGTAGG,aac3II63,14
492,CAGTAGG,bfpF105,4
492,CAGTAGG,aap223,28
492,CAGTAGG,stx2181,6
492,CAGTAGG,yjaA12,12
492,CAGTAGG,sul22,12
492,CAGTAGG,eltB2318,1
492,CAGTAGG,aac6I123,10
492,CAGTAGG,mcr64,2
492,CAGTAGG,gadph195,12
492,CAGTAGG,aadA57,24
492,CAGTAGG,aatA22,3
492,CAGTAGG,uidA160,10
492,CAGTAGG,eltA73,16
492,CAGTAGG,eae6271,12
492,CAGTAGG,stx1301,9
492,CAGTAGG,qnrS1,6
492,CAGTAGG,tetM34,2
492,CAGTAGG,mphA18,12
492,CAGTAGG,eltB12,1
492,CAGTAGG,eae111,6
492,CAGTAGG,aatA12314,11
492,CAGTAGG,stx11581,2
492,CAGTAGG,aph3386,2
492,CAGTAGG,dfrA1,2
492,CAGTAGG,estIa94,3
492,CAGTAGG,arpA19,1
492,CAGTAGG,ermB1,1
492,CAGTAGG,aafA83,1
492,CAGTAGG,estIa1515,1
458,GATATCG,aac6I6,58638
458,GATATCG,aph6I29,610
458,GATATCG,dfrA15,4808
458,GATATCG,stx23291,31
458,GATATCG,ipaH921,152
458,GATATCG,qnrB7,620
458,GATATCG,dfrA58,180
458,GATATCG,aac3VI23,63
458,GATATCG,sul336,64
458,GATATCG,dfrA243,352
458,GATATCG,mphA18,10
458,GATATCG,dfrA369,88
458,GATATCG,sul15,94
458,GATATCG,bfpA82,69
458,GATATCG,eltA73,22
458,GATATCG,uidA616,23
458,GATATCG,Tsp19,10
458,GATATCG,invE132,31
458,GATATCG,ant2Ia1,52
458,GATATCG,aac3II63,10
458,GATATCG,chuA24,33
458,GATATCG,stx1301,18
458,GATATCG,tetB43,32
458,GATATCG,mcr28,55
458,GATATCG,tetA13,122
458,GATATCG,aap223,18
458,GATATCG,uidA160,10
458,GATATCG,eae6271,9
458,GATATCG,intI125,14
458,GATATCG,aac6I123,12
458,GATATCG,aadA1,7
458,GATATCG,aaiC17,2
458,GATATCG,trpA354,24
458,GATATCG,gadph195,19
458,GATATCG,bfpF56,8
458,GATATCG,sul22,9
458,GATATCG,ipaH321,21
458,GATATCG,qnrS1,5
458,GATATCG,aph3386,5
458,GATATCG,yjaA12,6
458,GATATCG,astA13,16
458,GATATCG,aadA57,12
458,GATATCG,stx2181,6
458,GATATCG,estIa1515,1
458,GATATCG,aatA12314,6
458,GATATCG,qnrB35,6
458,GATATCG,aggR11,2
458,GATATCG,mcr64,2
458,GATATCG,aatA22,3
458,GATATCG,bfpF105,2
458,GATATCG,stx11581,2
458,GATATCG,eltB2318,3
458,GATATCG,eltA4510,3
458,GATATCG,ermB1,1
458,GATATCG,eae111,3
458,GATATCG,estIa94,1
506,GATTGGC,bfpF56,66030
506,GATTGGC,dfrA243,237
506,GATTGGC,ipaH921,97
506,GATTGGC,dfrA15,2967
506,GATTGGC,sul336,52
506,GATTGGC,qnrB7,478
506,GATTGGC,dfrA58,115
506,GATTGGC,aph6I29,354
506,GATTGGC,dfrA369,71
506,GATTGGC,chuA24,20
506,GATTGGC,tetA13,72
506,GATTGGC,eae6271,8
506,GATTGGC,ant2Ia1,38
506,GATTGGC,bfpF105,7
506,GATTGGC,aac6I6,11
506,GATTGGC,ipaH321,10
506,GATTGGC,invE132,24
506,GATTGGC,astA13,7
506,GATTGGC,aap223,25
506,GATTGGC,sul15,83
506,GATTGGC,tetB43,24
506,GATTGGC,bfpA82,39
506,GATTGGC,Tsp19,9
506,GATTGGC,gadph195,17
506,GATTGGC,stx1301,14
506,GATTGGC,aadA1,15
506,GATTGGC,eltA4510,4
506,GATTGGC,aac6I123,7
506,GATTGGC,aac3VI23,26
506,GATTGGC,eltB2318,2
506,GATTGGC,uidA616,24
506,GATTGGC,mcr28,36
506,GATTGGC,eltA73,23
506,GATTGGC,mphA18,6
506,GATTGGC,stx2181,12
506,GATTGGC,aaiC17,6
506,GATTGGC,aadA57,19
506,GATTGGC,trpA354,20
506,GATTGGC,stx23291,18
506,GATTGGC,yjaA12,15
506,GATTGGC,aadA21,6
506,GATTGGC,sul22,11
506,GATTGGC,qnrS1,5
506,GATTGGC,aatA12314,6
506,GATTGGC,aac3II63,6
506,GATTGGC,dfrA1,2
506,GATTGGC,intI125,7
506,GATTGGC,eae111,1
506,GATTGGC,uidA160,8
506,GATTGGC,tetM34,2
506,GATTGGC,eltB12,2
506,GATTGGC,qnrB35,4
506,GATTGGC,stx11581,2
506,GATTGGC,estIa1515,2
506,GATTGGC,arpA19,1
506,GATTGGC,aaiC47,1
487,AACCAAG,ipaH921,61266
487,AACCAAG,dfrA15,2615
487,AACCAAG,mcr28,39
487,AACCAAG,aph6I29,305
487,AACCAAG,gadph195,13
487,AACCAAG,dfrA243,160
487,AACCAAG,dfrA58,117
487,AACCAAG,qnrB7,423
487,AACCAAG,dfrA369,86
487,AACCAAG,astA13,9
487,AACCAAG,trpA354,19
487,AACCAAG,bfpA82,48
487,AACCAAG,aadA57,20
487,AACCAAG,tetA13,65
487,AACCAAG,uidA160,9
487,AACCAAG,sul22,11
487,AACCAAG,aac3VI23,29
487,AACCAAG,ant2Ia1,32
487,AACCAAG,stx11581,1
487,AACCAAG,yjaA12,13
487,AACCAAG,aac3II63,14
487,AACCAAG,sul336,25
487,AACCAAG,tetB43,18
487,AACCAAG,stx23291,24
487,AACCAAG,eltA4510,6
487,AACCAAG,sul15,62
487,AACCAAG,bfpF56,4
487,AACCAAG,qnrS1,4
487,AACCAAG,aadA1,12
487,AACCAAG,stx1301,19
487,AACCAAG,ipaH321,22
487,AACCAAG,aac6I123,5
487,AACCAAG,aap223,15
487,AACCAAG,chuA24,14
487,AACCAAG,bfpF105,3
487,AACCAAG,aatA12314,8
487,AACCAAG,stx2181,7
487,AACCAAG,invE132,24
487,AACCAAG,aph3386,2
487,AACCAAG,intI125,7
487,AACCAAG,dfrA1,1
487,AACCAAG,eltA73,18
487,AACCAAG,uidA616,18
487,AACCAAG,aac6I6,11
487,AACCAAG,eae111,3
487,AACCAAG,qnrB35,8
487,AACCAAG,aatA22,2
487,AACCAAG,eae6271,9
487,AACCAAG,aadA21,4
487,AACCAAG,Tsp19,9
487,AACCAAG,mcr64,1
487,AACCAAG,mphA18,5
487,AACCAAG,aafA83,1
487,AACCAAG,aaiC17,2
460,CGCATAC,ant2Ia1,77363
460,CGCATAC,dfrA15,3174
460,CGCATAC,dfrA58,125
460,CGCATAC,dfrA369,68
460,CGCATAC,uidA616,33
460,CGCATAC,qnrB7,496
460,CGCATAC,sul336,44
460,CGCATAC,aph6I29,439
460,CGCATAC,ipaH921,101
460,CGCATAC,eae111,6
460,CGCATAC,dfrA243,240
460,CGCATAC,tetA13,105
460,CGCATAC,aadA1,13
460,CGCATAC,eltB2318,3
460,CGCATAC,invE132,24
460,CGCATAC,aac3VI23,45
460,CGCATAC,sul15,79
460,CGCATAC,tetM34,1
460,CGCATAC,bfpA82,49
460,CGCATAC,eltA73,29
460,CGCATAC,intI125,9
460,CGCATAC,mcr28,35
460,CGCATAC,stx2181,6
460,CGCATAC,chuA24,22
460,CGCATAC,estIa94,3
460,CGCATAC,ipaH321,14
460,CGCATAC,aac6I6,8
460,CGCATAC,trpA354,14
460,CGCATAC,stx23291,29
460,CGCATAC,aap223,27
460,CGCATAC,qnrB35,6
460,CGCATAC,yjaA12,9
460,CGCATAC,aac3II63,17
460,CGCATAC,tetB43,24
460,CGCATAC,astA13,11
460,CGCATAC,stx1301,16
460,CGCATAC,mphA18,4
460,CGCATAC,eae6271,9
460,CGCATAC,dfrA1,2
460,CGCATAC,sul22,16
460,CGCATAC,gadph195,19
460,CGCATAC,bfpF56,16
460,CGCATAC,Tsp19,9
460,CGCATAC,uidA160,11
460,CGCATAC,aph3386,3
460,CGCATAC,aafA83,1
460,CGCATAC,ermB1,4
460,CGCATAC,aadA21,4
460,CGCATAC,aatA12314,9
460,CGCATAC,arpA19,1
460,CGCATAC,aadA57,14
460,CGCATAC,mcr64,2
460,CGCATAC,eltA4510,3
460,CGCATAC,aatA22,5
460,CGCATAC,bfpF105,1
460,CGCATAC,stx11581,1
460,CGCATAC,estIa1515,2
460,CGCATAC,aac6I123,5
460,CGCATAC,qnrS1,5
460,CGCATAC,aaiC17,2
463,AGTCGTG,qnrB7,60094
463,AGTCGTG,ipaH921,73
463,AGTCGTG,aph6I29,309
463,AGTCGTG,dfrA15,2356
463,AGTCGTG,aac3VI23,25
463,AGTCGTG,estIa94,6
463,AGTCGTG,dfrA243,182
463,AGTCGTG,aadA21,6
463,AGTCGTG,astA13,6
463,AGTCGTG,mcr28,46
463,AGTCGTG,uidA616,15
463,AGTCGTG,tetB43,27
463,AGTCGTG,ant2Ia1,34
463,AGTCGTG,aac6I6,12
463,AGTCGTG,bfpA82,32
463,AGTCGTG,dfrA369,84
463,AGTCGTG,sul336,40
463,AGTCGTG,dfrA58,79
463,AGTCGTG,chuA24,11
463,AGTCGTG,sul15,69
463,AGTCGTG,Tsp19,11
463,AGTCGTG,stx23291,14
463,AGTCGTG,uidA160,10
463,AGTCGTG,eae6271,15
463,AGTCGTG,aac3II63,13
463,AGTCGTG,tetA13,62
463,AGTCGTG,ipaH321,8
463,AGTCGTG,aadA1,7
463,AGTCGTG,mphA18,12
463,AGTCGTG,aaiC17,4
463,AGTCGTG,stx2181,9
463,AGTCGTG,aadA57,9
463,AGTCGTG,sul22,8
463,AGTCGTG,aap223,15
463,AGTCGTG,trpA354,27
463,AGTCGTG,gadph195,8
463,AGTCGTG,bfpF56,8
463,AGTCGTG,bfpF105,6
463,AGTCGTG,eltA73,27
463,AGTCGTG,eltA4510,5
463,AGTCGTG,dfrA1,2
463,AGTCGTG,stx11581,1
463,AGTCGTG,yjaA12,7
463,AGTCGTG,invE132,25
463,AGTCGTG,stx1301,9
463,AGTCGTG,aafA83,1
463,AGTCGTG,aac6I123,4
463,AGTCGTG,qnrB35,12
463,AGTCGTG,aatA12314,4
463,AGTCGTG,qnrS1,2
463,AGTCGTG,intI125,7
463,AGTCGTG,tetM34,2
463,AGTCGTG,eae111,2
463,AGTCGTG,aatA22,1
463,AGTCGTG,mcr64,1
491,TCTGGAA,stx2181,36484
491,TCTGGAA,dfrA15,3785
491,TCTGGAA,astA13,10
491,TCTGGAA,aph6I29,513
491,TCTGGAA,qnrB7,573
491,TCTGGAA,dfrA58,164
491,TCTGGAA,tetA13,111
491,TCTGGAA,dfrA243,268
491,TCTGGAA,ipaH921,117
491,TCTGGAA,mcr28,39
491,TCTGGAA,invE132,26
491,TCTGGAA,chuA24,27
491,TCTGGAA,sul22,16
491,TCTGGAA,aac3VI23,36
491,TCTGGAA,bfpA82,54
491,TCTGGAA,tetB43,16
491,TCTGGAA,uidA616,14
491,TCTGGAA,aggR11,1
491,TCTGGAA,sul15,79
491,TCTGGAA,sul336,40
491,TCTGGAA,dfrA369,77
491,TCTGGAA,ipaH321,18
491,TCTGGAA,aatA12314,4
491,TCTGGAA,yjaA12,14
491,TCTGGAA,stx23291,15
491,TCTGGAA,Tsp19,8
491,TCTGGAA,aac6I123,6
491,TCTGGAA,trpA354,17
491,TCTGGAA,ant2Ia1,45
491,TCTGGAA,stx11581,1
491,TCTGGAA,bfpF56,13
491,TCTGGAA,bfpF105,2
491,TCTGGAA,aap223,15
491,TCTGGAA,aac3II63,8
491,TCTGGAA,eltA73,12
491,TCTGGAA,aaiC17,1
491,TCTGGAA,aac6I6,6
491,TCTGGAA,aadA1,6
491,TCTGGAA,gadph195,5
491,TCTGGAA,eae6271,8
491,TCTGGAA,aadA57,4
491,TCTGGAA,mphA18,9
491,TCTGGAA,stx1301,16
491,TCTGGAA,tetM34,3
491,TCTGGAA,qnrB35,5
491,TCTGGAA,qnrS1,3
491,TCTGGAA,aadA21,1
491,TCTGGAA,aph3386,1
491,TCTGGAA,aafA83,1
491,TCTGGAA,dfrA1,2
491,TCTGGAA,intI125,5
491,TCTGGAA,uidA160,7
491,TCTGGAA,eltA4510,2
491,TCTGGAA,eltB2318,2
491,TCTGGAA,estIa94,1
499,AGAAGAC,eltA73,58767
499,AGAAGAC,dfrA15,1086
499,AGAAGAC,ipaH921,32
499,AGAAGAC,aap223,11
499,AGAAGAC,qnrB7,172
499,AGAAGAC,dfrA369,39
499,AGAAGAC,aggR11,1
499,AGAAGAC,dfrA58,33
499,AGAAGAC,dfrA243,75
499,AGAAGAC,sul15,33
499,AGAAGAC,aph6I29,143
499,AGAAGAC,ant2Ia1,22
499,AGAAGAC,bfpA82,16
499,AGAAGAC,aac3II63,9
499,AGAAGAC,tetA13,23
499,AGAAGAC,invE132,8
499,AGAAGAC,stx1301,3
499,AGAAGAC,aadA57,8
499,AGAAGAC,trpA354,5
499,AGAAGAC,mphA18,8
499,AGAAGAC,qnrS1,3
499,AGAAGAC,eae6271,3
499,AGAAGAC,stx11581,1
499,AGAAGAC,Tsp19,4
499,AGAAGAC,aatA12314,3
499,AGAAGAC,mcr28,12
499,AGAAGAC,uidA616,14
499,AGAAGAC,aac6I6,11
499,AGAAGAC,eae111,3
499,AGAAGAC,sul336,12
499,AGAAGAC,aac3VI23,11
499,AGAAGAC,stx23291,9
499,AGAAGAC,aac6I123,2
499,AGAAGAC,chuA24,7
499,AGAAGAC,stx2181,4
499,AGAAGAC,aadA1,6
499,AGAAGAC,uidA160,7
499,AGAAGAC,bfpF105,3
499,AGAAGAC,yjaA12,8
499,AGAAGAC,tetM34,3
499,AGAAGAC,ipaH321,4
499,AGAAGAC,aadA21,3
499,AGAAGAC,tetB43,5
499,AGAAGAC,aaiC17,2
499,AGAAGAC,gadph195,2
499,AGAAGAC,sul22,2
499,AGAAGAC,estIa94,3
499,AGAAGAC,dfrA1,2
499,AGAAGAC,bfpF56,1
499,AGAAGAC,qnrB35,2
499,AGAAGAC,astA13,2
452,ACAAAGC,aadA1,44420
452,ACAAAGC,dfrA15,3410
452,ACAAAGC,qnrB7,574
452,ACAAAGC,aadA21,9
452,ACAAAGC,sul15,75
452,ACAAAGC,dfrA243,229
452,ACAAAGC,tetA13,99
452,ACAAAGC,mphA18,6
452,ACAAAGC,ipaH321,11
452,ACAAAGC,aph6I29,395
452,ACAAAGC,invE132,28
452,ACAAAGC,ipaH921,119
452,ACAAAGC,aadA57,9
452,ACAAAGC,stx1301,18
452,ACAAAGC,dfrA58,125
452,ACAAAGC,mcr28,45
452,ACAAAGC,estIa94,2
452,ACAAAGC,bfpA82,55
452,ACAAAGC,dfrA369,111
452,ACAAAGC,aac3VI23,32
452,ACAAAGC,eltA73,22
452,ACAAAGC,bfpF105,2
452,ACAAAGC,trpA354,15
452,ACAAAGC,sul336,37
452,ACAAAGC,bfpF56,12
452,ACAAAGC,uidA160,13
452,ACAAAGC,eae6271,6
452,ACAAAGC,astA13,8
452,ACAAAGC,chuA24,16
452,ACAAAGC,ant2Ia1,36
452,ACAAAGC,gadph195,12
452,ACAAAGC,Tsp19,5
452,ACAAAGC,tetB43,20
452,ACAAAGC,uidA616,23
452,ACAAAGC,aap223,17
452,ACAAAGC,sul22,2
452,ACAAAGC,eae111,2
452,ACAAAGC,yjaA12,9
452,ACAAAGC,aatA22,3
452,ACAAAGC,aac6I6,8
452,ACAAAGC,tetM34,4
452,ACAAAGC,stx11581,2
452,ACAAAGC,stx2181,4
452,ACAAAGC,aaiC17,3
452,ACAAAGC,intI125,4
452,ACAAAGC,aatA12314,4
452,ACAAAGC,stx23291,15
452,ACAAAGC,dfrA1,2
452,ACAAAGC,qnrS1,1
452,ACAAAGC,aac6I123,5
452,ACAAAGC,ermB1,2
452,ACAAAGC,aac3II63,5
452,ACAAAGC,mcr64,2
452,ACAAAGC,qnrB35,1
518,GTTTCGG,trpA354,75705
518,GTTTCGG,dfrA15,3955
518,GTTTCGG,tetA13,82
518,GTTTCGG,qnrB7,708
518,GTTTCGG,dfrA243,268
518,GTTTCGG,dfrA58,143
518,GTTTCGG,aac3VI23,40
518,GTTTCGG,aph6I29,410
518,GTTTCGG,dfrA369,139
518,GTTTCGG,eltA4510,3
518,GTTTCGG,sul15,93
518,GTTTCGG,ipaH921,124
518,GTTTCGG,qnrB35,15
518,GTTTCGG,tetB43,24
518,GTTTCGG,uidA616,30
518,GTTTCGG,mcr28,58
518,GTTTCGG,qnrS1,5
518,GTTTCGG,aatA12314,8
518,GTTTCGG,tetM34,2
518,GTTTCGG,stx23291,24
518,GTTTCGG,sul22,17
518,GTTTCGG,stx1301,22
518,GTTTCGG,aadA57,9
518,GTTTCGG,chuA24,30
518,GTTTCGG,sul336,35
518,GTTTCGG,aap223,22
518,GTTTCGG,invE132,38
518,GTTTCGG,aac6I123,13
518,GTTTCGG,aadA1,9
518,GTTTCGG,ant2Ia1,31
518,GTTTCGG,bfpA82,72
518,GTTTCGG,intI125,16
518,GTTTCGG,aac6I6,12
518,GTTTCGG,eltA73,14
518,GTTTCGG,bfpF105,8
518,GTTTCGG,mphA18,10
518,GTTTCGG,aac3II63,8
518,GTTTCGG,uidA160,16
518,GTTTCGG,ipaH321,27
518,GTTTCGG,astA13,13
518,GTTTCGG,yjaA12,15
518,GTTTCGG,mcr64,4
518,GTTTCGG,Tsp19,14
518,GTTTCGG,eae6271,17
518,GTTTCGG,bfpF56,13
518,GTTTCGG,stx2181,4
518,GTTTCGG,gadph195,11
518,GTTTCGG,dfrA1,4
518,GTTTCGG,aph3386,4
518,GTTTCGG,eltB2318,2
518,GTTTCGG,eae111,5
518,GTTTCGG,aaiC17,3
518,GTTTCGG,estIa1515,2
518,GTTTCGG,eltB12,1
518,GTTTCGG,stx11581,3
518,GTTTCGG,aadA21,3
518,GTTTCGG,ermB1,1
518,GTTTCGG,aatA22,1
475,AACCGCT,sul15,43728
475,AACCGCT,qnrB7,295
475,AACCGCT,dfrA243,156
475,AACCGCT,dfrA15,1846
475,AACCGCT,tetA13,72
475,AACCGCT,yjaA12,8
475,AACCGCT,aph6I29,265
475,AACCGCT,dfrA58,76
475,AACCGCT,uidA616,10
475,AACCGCT,chuA24,21
475,AACCGCT,mcr28,15
475,AACCGCT,eae6271,5
475,AACCGCT,ipaH921,57
475,AACCGCT,sul336,27
475,AACCGCT,aadA57,3
475,AACCGCT,aac6I6,12
475,AACCGCT,dfrA369,32
475,AACCGCT,aac3VI23,26
475,AACCGCT,sul22,7
475,AACCGCT,qnrS1,5
475,AACCGCT,tetM34,1
475,AACCGCT,ant2Ia1,25
475,AACCGCT,ermB1,3
475,AACCGCT,ipaH321,13
475,AACCGCT,aatA22,3
475,AACCGCT,aadA1,8
475,AACCGCT,stx1301,10
475,AACCGCT,eltA73,9
475,AACCGCT,bfpA82,21
475,AACCGCT,tetB43,13
475,AACCGCT,mphA18,7
475,AACCGCT,invE132,13
475,AACCGCT,aadA21,7
475,AACCGCT,qnrB35,1
475,AACCGCT,eltA4510,3
475,AACCGCT,trpA354,15
475,AACCGCT,aap223,8
475,AACCGCT,stx2181,7
475,AACCGCT,stx23291,8
475,AACCGCT,arpA19,1
475,AACCGCT,uidA160,4
475,AACCGCT,astA13,2
475,AACCGCT,aph3386,2
475,AACCGCT,aac6I123,5
475,AACCGCT,Tsp19,8
475,AACCGCT,aac3II63,11
475,AACCGCT,gadph195,6
475,AACCGCT,eae111,6
475,AACCGCT,bfpF56,7
475,AACCGCT,aaiC17,4
475,AACCGCT,aatA12314,7
475,AACCGCT,intI125,5
475,AACCGCT,eltB2318,1
475,AACCGCT,aggR11,1
477,AAGCACA,sul336,35449
477,AAGCACA,dfrA15,1486
477,AAGCACA,ipaH321,12
477,AAGCACA,dfrA243,97
477,AAGCACA,aph6I29,176
477,AAGCACA,qnrB7,222
477,AAGCACA,tetA13,57
477,AAGCACA,eltA73,15
477,AAGCACA,dfrA369,47
477,AAGCACA,ipaH921,52
477,AAGCACA,ant2Ia1,23
477,AAGCACA,sul15,46
477,AAGCACA,dfrA58,66
477,AAGCACA,bfpA82,29
477,AAGCACA,mcr28,15
477,AAGCACA,stx2181,5
477,AAGCACA,aac3II63,10
477,AAGCACA,eae6271,3
477,AAGCACA,stx11581,1
477,AAGCACA,invE132,16
477,AAGCACA,sul22,2
477,AAGCACA,aac6I123,3
477,AAGCACA,tetB43,12
477,AAGCACA,ermB1,1
477,AAGCACA,chuA24,17
477,AAGCACA,aadA57,8
477,AAGCACA,uidA160,9
477,AAGCACA,eltB2318,4
477,AAGCACA,aac3VI23,13
477,AAGCACA,uidA616,22
477,AAGCACA,gadph195,5
477,AAGCACA,aap223,13
477,AAGCACA,astA13,8
477,AAGCACA,aadA1,9
477,AAGCACA,trpA354,6
477,AAGCACA,bfpF56,4
477,AAGCACA,aaiC17,3
477,AAGCACA,Tsp19,2
477,AAGCACA,stx23291,11
477,AAGCACA,eltA4510,2
477,AAGCACA,aph3386,5
477,AAGCACA,mphA18,8
477,AAGCACA,qnrB35,4
477,AAGCACA,aac6I6,6
477,AAGCACA,yjaA12,4
477,AAGCACA,qnrS1,3
477,AAGCACA,aafA83,2
477,AAGCACA,aatA12314,4
477,AAGCACA,aatA22,2
477,AAGCACA,dfrA1,1
477,AAGCACA,intI125,3
477,AAGCACA,stx1301,3
477,AAGCACA,eae111,3
477,AAGCACA,estIa1515,2
477,AAGCACA,estIa94,3
477,AAGCACA,aadA21,1
477,AAGCACA,bfpF105,2
477,AAGCACA,eltB12,2
479,AACAGTG,tetB43,46211
479,AACAGTG,tetA13,55
479,AACAGTG,dfrA15,1620
479,AACAGTG,aph6I29,220
479,AACAGTG,sul22,8
479,AACAGTG,dfrA58,85
479,AACAGTG,qnrB7,308
479,AACAGTG,bfpA82,21
479,AACAGTG,aap223,21
479,AACAGTG,mphA18,11
479,AACAGTG,ant2Ia1,33
479,AACAGTG,dfrA243,120
479,AACAGTG,tetM34,2
479,AACAGTG,chuA24,22
479,AACAGTG,sul336,25
479,AACAGTG,ipaH921,70
479,AACAGTG,bfpF56,9
479,AACAGTG,eltA73,13
479,AACAGTG,dfrA369,46
479,AACAGTG,uidA160,14
479,AACAGTG,aadA1,16
479,AACAGTG,sul15,39
479,AACAGTG,aadA57,11
479,AACAGTG,invE132,11
479,AACAGTG,Tsp19,8
479,AACAGTG,aac6I6,11
479,AACAGTG,aatA12314,10
479,AACAGTG,ipaH321,12
479,AACAGTG,trpA354,18
479,AACAGTG,uidA616,18
479,AACAGTG,yjaA12,14
479,AACAGTG,intI125,12
479,AACAGTG,astA13,13
479,AACAGTG,mcr28,17
479,AACAGTG,stx23291,13
479,AACAGTG,gadph195,9
479,AACAGTG,stx1301,7
479,AACAGTG,stx2181,3
479,AACAGTG,qnrB35,8
479,AACAGTG,aac3VI23,17
479,AACAGTG,aafA83,1
479,AACAGTG,estIa1515,2
479,AACAGTG,stx11581,1
479,AACAGTG,mcr64,3
479,AACAGTG,aac6I123,6
479,AACAGTG,eltA4510,4
479,AACAGTG,eae111,2
479,AACAGTG,eltB12,1
479,AACAGTG,ermB1,3
479,AACAGTG,aac3II63,2
479,AACAGTG,aph3386,1
479,AACAGTG,qnrS1,2
479,AACAGTG,bfpF105,1
479,AACAGTG,estIa94,3
479,AACAGTG,aadA21,3
479,AACAGTG,aaiC17,2
479,AACAGTG,eae6271,1
479,AACAGTG,dfrA1,1
479,AACAGTG,eltB2318,1
471,ATAGAGC,dfrA15,44332
471,ATAGAGC,aph6I29,295
471,ATAGAGC,sul336,34
471,ATAGAGC,sul15,58
471,ATAGAGC,dfrA243,178
471,ATAGAGC,qnrB7,334
471,ATAGAGC,ermB1,2
471,ATAGAGC,stx23291,20
471,ATAGAGC,dfrA58,76
471,ATAGAGC,ipaH921,70
471,ATAGAGC,aac3VI23,21
471,ATAGAGC,dfrA369,55
471,ATAGAGC,qnrB35,7
471,ATAGAGC,mcr28,24
471,ATAGAGC,uidA616,18
471,ATAGAGC,tetA13,61
471,ATAGAGC,eltA73,14
471,ATAGAGC,gadph195,9
471,ATAGAGC,aac3II63,9
471,ATAGAGC,astA13,10
471,ATAGAGC,aatA12314,6
471,ATAGAGC,trpA354,15
471,ATAGAGC,bfpA82,29
471,ATAGAGC,ant2Ia1,21
471,ATAGAGC,stx2181,5
471,ATAGAGC,bfpF56,15
471,ATAGAGC,aadA57,13
471,ATAGAGC,dfrA1,1
471,ATAGAGC,mphA18,7
471,ATAGAGC,yjaA12,10
471,ATAGAGC,stx1301,10
471,ATAGAGC,aadA1,8
471,ATAGAGC,aaiC17,5
471,ATAGAGC,aadA21,9
471,ATAGAGC,invE132,10
471,ATAGAGC,Tsp19,5
471,ATAGAGC,tetM34,1
471,ATAGAGC,tetB43,15
471,ATAGAGC,aac6I123,6
471,ATAGAGC,aap223,11
471,ATAGAGC,intI125,4
471,ATAGAGC,qnrS1,4
471,ATAGAGC,chuA24,17
471,ATAGAGC,eltB2318,2
471,ATAGAGC,bfpF105,3
471,ATAGAGC,ipaH321,7
471,ATAGAGC,eae6271,8
471,ATAGAGC,eltA4510,2
471,ATAGAGC,mcr64,1
471,ATAGAGC,aac6I6,5
471,ATAGAGC,estIa94,2
471,ATAGAGC,uidA160,6
471,ATAGAGC,aph3386,1
471,ATAGAGC,sul22,5
478,TGTGAAC,tetA13,40999
478,TGTGAAC,dfrA15,1044
478,TGTGAAC,dfrA243,105
478,TGTGAAC,qnrB7,169
478,TGTGAAC,aph6I29,149
478,TGTGAAC,gadph195,8
478,TGTGAAC,aap223,15
478,TGTGAAC,sul15,21
478,TGTGAAC,sul336,22
478,TGTGAAC,stx23291,13
478,TGTGAAC,Tsp19,9
478,TGTGAAC,ant2Ia1,15
478,TGTGAAC,ipaH921,53
478,TGTGAAC,eltA73,12
478,TGTGAAC,bfpA82,18
478,TGTGAAC,stx2181,6
478,TGTGAAC,dfrA58,40
478,TGTGAAC,estIa94,1
478,TGTGAAC,uidA616,16
478,TGTGAAC,aatA22,2
478,TGTGAAC,dfrA369,31
478,TGTGAAC,intI125,7
478,TGTGAAC,aac3VI23,15
478,TGTGAAC,mcr28,13
478,TGTGAAC,astA13,7
478,TGTGAAC,eae111,2
478,TGTGAAC,stx1301,8
478,TGTGAAC,qnrB35,7
478,TGTGAAC,aaiC17,4
478,TGTGAAC,yjaA12,12
478,TGTGAAC,invE132,6
478,TGTGAAC,uidA160,12
478,TGTGAAC,ipaH321,15
478,TGTGAAC,chuA24,17
478,TGTGAAC,trpA354,5
478,TGTGAAC,dfrA1,1
478,TGTGAAC,mphA18,6
478,TGTGAAC,aac3II63,7
478,TGTGAAC,aadA57,9
478,TGTGAAC,aac6I6,2
478,TGTGAAC,bfpF56,3
478,TGTGAAC,tetB43,5
478,TGTGAAC,aac6I123,9
478,TGTGAAC,sul22,2
478,TGTGAAC,aadA1,8
478,TGTGAAC,eae6271,4
478,TGTGAAC,aadA21,5
478,TGTGAAC,qnrS1,5
478,TGTGAAC,aph3386,1
478,TGTGAAC,bfpF105,2
478,TGTGAAC,aatA12314,2
478,TGTGAAC,estIa1515,1
478,TGTGAAC,tetM34,1
478,TGTGAAC,eltA4510,1
478,TGTGAAC,ermB1,1
478,TGTGAAC,eltB2318,1
510,GTGATAC,aaiC17,25444
510,GTGATAC,dfrA243,290
510,GTGATAC,dfrA15,3908
510,GTGATAC,qnrB7,746
510,GTGATAC,bfpA82,76
510,GTGATAC,eae6271,10
510,GTGATAC,mcr28,50
510,GTGATAC,tetA13,109
510,GTGATAC,aadA1,6
510,GTGATAC,aph6I29,469
510,GTGATAC,chuA24,21
510,GTGATAC,sul336,51
510,GTGATAC,sul15,83
510,GTGATAC,ant2Ia1,48
510,GTGATAC,ipaH921,128
510,GTGATAC,stx1301,12
510,GTGATAC,uidA160,8
510,GTGATAC,eae111,4
510,GTGATAC,dfrA58,150
510,GTGATAC,invE132,31
510,GTGATAC,aac3VI23,21
510,GTGATAC,yjaA12,9
510,GTGATAC,uidA616,18
510,GTGATAC,dfrA369,136
510,GTGATAC,ipaH321,16
510,GTGATAC,aph3386,2
510,GTGATAC,aadA21,6
510,GTGATAC,Tsp19,10
510,GTGATAC,aadA57,10
510,GTGATAC,tetB43,19
510,GTGATAC,astA13,6
510,GTGATAC,aap223,10
510,GTGATAC,aatA12314,6
510,GTGATAC,stx23291,16
510,GTGATAC,estIa94,1
510,GTGATAC,eltA73,18
510,GTGATAC,gadph195,11
510,GTGATAC,qnrB35,6
510,GTGATAC,trpA354,14
510,GTGATAC,stx2181,6
510,GTGATAC,dfrA1,3
510,GTGATAC,bfpF56,6
510,GTGATAC,qnrS1,2
510,GTGATAC,stx11581,2
510,GTGATAC,intI125,6
510,GTGATAC,sul22,13
510,GTGATAC,aac3II63,3
510,GTGATAC,mcr64,2
510,GTGATAC,aac6I6,4
510,GTGATAC,aafA83,1
510,GTGATAC,aaiC47,1
510,GTGATAC,mphA18,1
510,GTGATAC,tetM34,1
510,GTGATAC,aac6I123,1
485,TGCCCAA,aatA12314,43884
485,TGCCCAA,sul336,23
485,TGCCCAA,qnrB7,464
485,TGCCCAA,dfrA15,2831
485,TGCCCAA,aph6I29,316
485,TGCCCAA,dfrA369,101
485,TGCCCAA,stx23291,17
485,TGCCCAA,ant2Ia1,38
485,TGCCCAA,dfrA243,213
485,TGCCCAA,tetA13,68
485,TGCCCAA,dfrA58,125
485,TGCCCAA,uidA160,9
485,TGCCCAA,sul15,56
485,TGCCCAA,mcr28,53
485,TGCCCAA,bfpA82,51
485,TGCCCAA,qnrS1,3
485,TGCCCAA,eltA73,15
485,TGCCCAA,chuA24,16
485,TGCCCAA,uidA616,15
485,TGCCCAA,bfpF56,9
485,TGCCCAA,aadA57,6
485,TGCCCAA,gadph195,5
485,TGCCCAA,aadA1,9
485,TGCCCAA,ipaH921,100
485,TGCCCAA,invE132,35
485,TGCCCAA,aac6I6,4
485,TGCCCAA,tetB43,18
485,TGCCCAA,yjaA12,6
485,TGCCCAA,trpA354,13
485,TGCCCAA,aac3VI23,30
485,TGCCCAA,ipaH321,7
485,TGCCCAA,stx11581,1
485,TGCCCAA,eae6271,9
485,TGCCCAA,stx1301,14
485,TGCCCAA,bfpF105,1
485,TGCCCAA,aap223,16
485,TGCCCAA,mphA18,11
485,TGCCCAA,aadA21,3
485,TGCCCAA,eltB2318,1
485,TGCCCAA,stx2181,5
485,TGCCCAA,dfrA1,2
485,TGCCCAA,astA13,10
485,TGCCCAA,sul22,7
485,TGCCCAA,qnrB35,3
485,TGCCCAA,intI125,4
485,TGCCCAA,aac3II63,3
485,TGCCCAA,aac6I123,5
485,TGCCCAA,ermB1,1
485,TGCCCAA,Tsp19,4
485,TGCCCAA,eltA4510,4
485,TGCCCAA,aaiC17,1
485,TGCCCAA,eae111,1
485,TGCCCAA,estIa94,1
485,TGCCCAA,mcr64,1
519,GCAAATG,Tsp19,44914
519,GCAAATG,dfrA15,3358
519,GCAAATG,qnrB7,561
519,GCAAATG,aap223,22
519,GCAAATG,aph6I29,385
519,GCAAATG,stx23291,18
519,GCAAATG,dfrA243,264
519,GCAAATG,bfpA82,55
519,GCAAATG,ipaH921,124
519,GCAAATG,sul15,57
519,GCAAATG,dfrA58,114
519,GCAAATG,tetA13,90
519,GCAAATG,sul336,47
519,GCAAATG,invE132,27
519,GCAAATG,trpA354,17
519,GCAAATG,uidA160,5
519,GCAAATG,aaiC17,3
519,GCAAATG,stx1301,11
519,GCAAATG,aatA12314,5
519,GCAAATG,dfrA369,76
519,GCAAATG,eltA73,19
519,GCAAATG,chuA24,27
519,GCAAATG,qnrB35,5
519,GCAAATG,uidA616,24
519,GCAAATG,aac3VI23,30
519,GCAAATG,tetB43,19
519,GCAAATG,ant2Ia1,40
519,GCAAATG,dfrA1,3
519,GCAAATG,ipaH321,17
519,GCAAATG,astA13,10
519,GCAAATG,bfpF56,10
519,GCAAATG,eltB2318,3
519,GCAAATG,aac3II63,9
519,GCAAATG,sul22,7
519,GCAAATG,aph3386,3
519,GCAAATG,aadA1,7
519,GCAAATG,mphA18,14
519,GCAAATG,mcr28,44
519,GCAAATG,aadA57,11
519,GCAAATG,intI125,9
519,GCAAATG,aadA21,1
519,GCAAATG,estIa94,2
519,GCAAATG,aac6I6,3
519,GCAAATG,eae6271,7
519,GCAAATG,stx2181,6
519,GCAAATG,yjaA12,13
519,GCAAATG,aac6I123,4
519,GCAAATG,aafA83,3
519,GCAAATG,gadph195,10
519,GCAAATG,aatA22,2
519,GCAAATG,bfpF105,2
519,GCAAATG,eltA4510,1
519,GCAAATG,stx11581,3
519,GCAAATG,estIa1515,1
519,GCAAATG,tetM34,3
519,GCAAATG,qnrS1,1
511,TGCATCC,dfrA15,4245
511,TGCATCC,aph6I29,488
511,TGCATCC,aaiC47,2364
511,TGCATCC,dfrA58,140
511,TGCATCC,qnrB7,671
511,TGCATCC,dfrA369,158
511,TGCATCC,dfrA243,282
511,TGCATCC,tetB43,17
511,TGCATCC,aac3VI23,27
511,TGCATCC,sul15,77
511,TGCATCC,tetA13,86
511,TGCATCC,mcr28,57
511,TGCATCC,ipaH921,109
511,TGCATCC,ant2Ia1,55
511,TGCATCC,uidA160,7
511,TGCATCC,invE132,41
511,TGCATCC,sul22,13
511,TGCATCC,bfpA82,63
511,TGCATCC,chuA24,21
511,TGCATCC,eae6271,7
511,TGCATCC,mcr64,2
511,TGCATCC,sul336,35
511,TGCATCC,gadph195,9
511,TGCATCC,uidA616,11
511,TGCATCC,bfpF105,1
511,TGCATCC,yjaA12,20
511,TGCATCC,dfrA1,3
511,TGCATCC,aadA57,11
511,TGCATCC,eltA4510,1
511,TGCATCC,trpA354,13
511,TGCATCC,eae111,1
511,TGCATCC,aatA12314,2
511,TGCATCC,arpA19,1
511,TGCATCC,stx1301,8
511,TGCATCC,astA13,3
511,TGCATCC,eltA73,10
511,TGCATCC,aaiC17,2
511,TGCATCC,stx2181,4
511,TGCATCC,ipaH321,5
511,TGCATCC,estIa94,1
511,TGCATCC,intI125,2
511,TGCATCC,stx23291,7
511,TGCATCC,aac6I6,5
511,TGCATCC,qnrB35,1
511,TGCATCC,aatA22,1
511,TGCATCC,Tsp19,3
511,TGCATCC,aac3II63,2
511,TGCATCC,mphA18,3
511,TGCATCC,aac6I123,1
511,TGCATCC,aap223,1
511,TGCATCC,ermB1,1
511,TGCATCC,aadA1,1
511,TGCATCC,aadA21,1
511,TGCATCC,bfpF56,1
511,TGCATCC,stx11581,1
503,CATGAAG,estIa94,10353
503,CATGAAG,dfrA15,1679
503,CATGAAG,qnrB7,293
503,CATGAAG,aac3II63,9
503,CATGAAG,aph6I29,199
503,CATGAAG,ipaH921,54
503,CATGAAG,dfrA369,62
503,CATGAAG,bfpA82,24
503,CATGAAG,dfrA243,99
503,CATGAAG,stx23291,9
503,CATGAAG,tetA13,38
503,CATGAAG,estIa1515,170
503,CATGAAG,mcr28,27
503,CATGAAG,invE132,15
503,CATGAAG,dfrA58,64
503,CATGAAG,aadA1,1
503,CATGAAG,sul336,22
503,CATGAAG,chuA24,7
503,CATGAAG,stx2181,2
503,CATGAAG,sul15,37
503,CATGAAG,aac6I123,4
503,CATGAAG,aggR11,1
503,CATGAAG,ant2Ia1,17
503,CATGAAG,bfpF105,5
503,CATGAAG,tetB43,13
503,CATGAAG,uidA616,5
503,CATGAAG,eae6271,3
503,CATGAAG,ipaH321,10
503,CATGAAG,stx1301,6
503,CATGAAG,aac3VI23,15
503,CATGAAG,trpA354,6
503,CATGAAG,bfpF56,3
503,CATGAAG,sul22,3
503,CATGAAG,aatA12314,1
503,CATGAAG,eltB2318,1
503,CATGAAG,aadA57,3
503,CATGAAG,gadph195,10
503,CATGAAG,tetM34,1
503,CATGAAG,eltA73,5
503,CATGAAG,aph3386,1
503,CATGAAG,Tsp19,3
503,CATGAAG,stx11581,2
503,CATGAAG,aap223,4
503,CATGAAG,aaiC17,3
503,CATGAAG,uidA160,4
503,CATGAAG,dfrA1,3
503,CATGAAG,aadA21,1
503,CATGAAG,astA13,1
503,CATGAAG,eltA4510,1
503,CATGAAG,yjaA12,5
503,CATGAAG,aatA22,1
503,CATGAAG,intI125,1
503,CATGAAG,mphA18,1
503,CATGAAG,aac6I6,3
503,CATGAAG,aaiC47,1
459,ACAGGAT,aac6I123,43590
459,ACAGGAT,qnrB7,718
459,ACAGGAT,dfrA15,5132
459,ACAGGAT,ipaH921,160
459,ACAGGAT,tetA13,130
459,ACAGGAT,aph6I29,718
459,ACAGGAT,trpA354,23
459,ACAGGAT,dfrA58,212
459,ACAGGAT,stx23291,19
459,ACAGGAT,chuA24,25
459,ACAGGAT,bfpA82,67
459,ACAGGAT,eae6271,18
459,ACAGGAT,dfrA243,369
459,ACAGGAT,invE132,30
459,ACAGGAT,dfrA369,80
459,ACAGGAT,yjaA12,13
459,ACAGGAT,ant2Ia1,56
459,ACAGGAT,sul15,125
459,ACAGGAT,aac6I6,13
459,ACAGGAT,tetB43,26
459,ACAGGAT,eltA73,16
459,ACAGGAT,stx1301,16
459,ACAGGAT,qnrS1,2
459,ACAGGAT,Tsp19,9
459,ACAGGAT,ipaH321,14
459,ACAGGAT,aac3VI23,43
459,ACAGGAT,aap223,28
459,ACAGGAT,sul22,11
459,ACAGGAT,gadph195,12
459,ACAGGAT,aadA57,18
459,ACAGGAT,uidA616,25
459,ACAGGAT,bfpF56,5
459,ACAGGAT,mcr28,46
459,ACAGGAT,sul336,42
459,ACAGGAT,dfrA1,2
459,ACAGGAT,aafA83,1
459,ACAGGAT,aatA12314,4
459,ACAGGAT,aadA21,3
459,ACAGGAT,estIa94,1
459,ACAGGAT,astA13,13
459,ACAGGAT,intI125,4
459,ACAGGAT,aac3II63,6
459,ACAGGAT,stx2181,3
459,ACAGGAT,eltA4510,1
459,ACAGGAT,stx11581,1
459,ACAGGAT,uidA160,8
459,ACAGGAT,aadA1,7
459,ACAGGAT,bfpF105,3
459,ACAGGAT,qnrB35,5
459,ACAGGAT,mphA18,5
459,ACAGGAT,aph3386,1
459,ACAGGAT,aaiC47,1
459,ACAGGAT,tetM34,1
459,ACAGGAT,ermB1,1
459,ACAGGAT,eltB2318,1
459,ACAGGAT,eae111,1
459,ACAGGAT,aaiC17,3
459,ACAGGAT,eltB12,1
520,CTGACAC,yjaA12,41981
520,CTGACAC,qnrB7,558
520,CTGACAC,dfrA15,3577
520,CTGACAC,dfrA58,144
520,CTGACAC,dfrA369,94
520,CTGACAC,aph6I29,439
520,CTGACAC,ipaH921,108
520,CTGACAC,aap223,11
520,CTGACAC,dfrA243,251
520,CTGACAC,aac3II63,11
520,CTGACAC,chuA24,21
520,CTGACAC,sul15,80
520,CTGACAC,trpA354,11
520,CTGACAC,stx1301,17
520,CTGACAC,aac3VI23,39
520,CTGACAC,mcr28,43
520,CTGACAC,bfpA82,58
520,CTGACAC,tetA13,109
520,CTGACAC,sul336,39
520,CTGACAC,gadph195,13
520,CTGACAC,eltA73,23
520,CTGACAC,stx23291,9
520,CTGACAC,aatA22,3
520,CTGACAC,aadA57,12
520,CTGACAC,eae6271,13
520,CTGACAC,ant2Ia1,50
520,CTGACAC,aac6I6,13
520,CTGACAC,qnrB35,10
520,CTGACAC,astA13,10
520,CTGACAC,invE132,31
520,CTGACAC,aatA12314,7
520,CTGACAC,mphA18,5
520,CTGACAC,bfpF56,8
520,CTGACAC,tetB43,16
520,CTGACAC,sul22,14
520,CTGACAC,uidA616,21
520,CTGACAC,Tsp19,11
520,CTGACAC,ermB1,1
520,CTGACAC,ipaH321,9
520,CTGACAC,aadA1,5
520,CTGACAC,stx2181,5
520,CTGACAC,aaiC17,4
520,CTGACAC,eltA4510,3
520,CTGACAC,estIa1515,2
520,CTGACAC,uidA160,7
520,CTGACAC,aph3386,2
520,CTGACAC,intI125,3
520,CTGACAC,tetM34,2
520,CTGACAC,eae111,2
520,CTGACAC,aac6I123,6
520,CTGACAC,dfrA1,1
520,CTGACAC,eltB12,1
520,CTGACAC,qnrS1,4
520,CTGACAC,aadA21,1
520,CTGACAC,eltB2318,1
520,CTGACAC,aafA83,1
512,TGCAAAC,uidA160,61209
512,TGCAAAC,dfrA15,3222
512,TGCAAAC,aap223,679
512,TGCAAAC,aph6I29,401
512,TGCAAAC,invE132,33
512,TGCAAAC,dfrA369,107
512,TGCAAAC,qnrB7,566
512,TGCAAAC,aac3VI23,31
512,TGCAAAC,bfpA82,49
512,TGCAAAC,aaiC17,8
512,TGCAAAC,tetA13,110
512,TGCAAAC,dfrA243,230
512,TGCAAAC,sul15,94
512,TGCAAAC,dfrA58,132
512,TGCAAAC,tetB43,21
512,TGCAAAC,ipaH921,103
512,TGCAAAC,sul336,46
512,TGCAAAC,aadA57,12
512,TGCAAAC,stx23291,9
512,TGCAAAC,stx1301,14
512,TGCAAAC,ant2Ia1,41
512,TGCAAAC,eltA73,29
512,TGCAAAC,eae111,4
512,TGCAAAC,sul22,8
512,TGCAAAC,aadA1,14
512,TGCAAAC,ipaH321,17
512,TGCAAAC,stx2181,4
512,TGCAAAC,chuA24,21
512,TGCAAAC,aac3II63,8
512,TGCAAAC,mcr28,45
512,TGCAAAC,bfpF56,6
512,TGCAAAC,eae6271,11
512,TGCAAAC,aac6I6,17
512,TGCAAAC,yjaA12,15
512,TGCAAAC,aatA22,4
512,TGCAAAC,arpA19,2
512,TGCAAAC,gadph195,7
512,TGCAAAC,intI125,11
512,TGCAAAC,trpA354,17
512,TGCAAAC,aadA21,5
512,TGCAAAC,uidA616,30
512,TGCAAAC,stx11581,1
512,TGCAAAC,dfrA1,3
512,TGCAAAC,Tsp19,8
512,TGCAAAC,eltA4510,1
512,TGCAAAC,astA13,8
512,TGCAAAC,mphA18,9
512,TGCAAAC,estIa94,4
512,TGCAAAC,qnrS1,3
512,TGCAAAC,eltB2318,1
512,TGCAAAC,qnrB35,8
512,TGCAAAC,aatA12314,6
512,TGCAAAC,aaiC47,1
512,TGCAAAC,aggR11,1
512,TGCAAAC,aac6I123,5
512,TGCAAAC,aafA83,1
512,TGCAAAC,mcr64,1
512,TGCAAAC,aph3386,1
512,TGCAAAC,estIa1515,1
512,TGCAAAC,ermB1,1
512,TGCAAAC,eltB12,1
507,CATCGGT,bfpF105,18228
507,CATCGGT,dfrA15,3772
507,CATCGGT,dfrA243,257
507,CATCGGT,aph6I29,409
507,CATCGGT,qnrB7,636
507,CATCGGT,aac3VI23,16
507,CATCGGT,bfpA82,45
507,CATCGGT,eltA73,14
507,CATCGGT,estIa94,3
507,CATCGGT,ant2Ia1,41
507,CATCGGT,dfrA369,90
507,CATCGGT,ipaH921,125
507,CATCGGT,tetA13,105
507,CATCGGT,aac3II63,11
507,CATCGGT,chuA24,27
507,CATCGGT,sul15,74
507,CATCGGT,sul336,44
507,CATCGGT,dfrA1,4
507,CATCGGT,stx23291,18
507,CATCGGT,mcr28,44
507,CATCGGT,trpA354,16
507,CATCGGT,dfrA58,133
507,CATCGGT,tetB43,13
507,CATCGGT,invE132,29
507,CATCGGT,qnrS1,4
507,CATCGGT,yjaA12,11
507,CATCGGT,stx1301,11
507,CATCGGT,aadA21,2
507,CATCGGT,aadA1,4
507,CATCGGT,qnrB35,6
507,CATCGGT,aadA57,13
507,CATCGGT,sul22,8
507,CATCGGT,eae6271,9
507,CATCGGT,uidA616,14
507,CATCGGT,bfpF56,4
507,CATCGGT,aatA12314,4
507,CATCGGT,aap223,7
507,CATCGGT,uidA160,2
507,CATCGGT,Tsp19,1
507,CATCGGT,ipaH321,11
507,CATCGGT,mphA18,3
507,CATCGGT,aac6I123,3
507,CATCGGT,gadph195,6
507,CATCGGT,eae111,2
507,CATCGGT,intI125,4
507,CATCGGT,tetM34,2
507,CATCGGT,aph3386,2
507,CATCGGT,astA13,7
507,CATCGGT,aac6I6,5
507,CATCGGT,aaiC17,3
507,CATCGGT,mcr64,1
507,CATCGGT,stx2181,3
507,CATCGGT,stx11581,2
507,CATCGGT,ermB1,1
507,CATCGGT,estIa1515,1
507,CATCGGT,aatA22,1
490,GTCGTAT,dfrA15,5650
490,GTCGTAT,eae6271,17403
490,GTCGTAT,qnrB7,803
490,GTCGTAT,aph6I29,648
490,GTCGTAT,invE132,32
490,GTCGTAT,dfrA369,141
490,GTCGTAT,ipaH921,174
490,GTCGTAT,sul15,112
490,GTCGTAT,dfrA58,174
490,GTCGTAT,ant2Ia1,57
490,GTCGTAT,chuA24,26
490,GTCGTAT,trpA354,27
490,GTCGTAT,dfrA243,401
490,GTCGTAT,mcr28,65
490,GTCGTAT,sul336,53
490,GTCGTAT,tetA13,129
490,GTCGTAT,yjaA12,13
490,GTCGTAT,bfpA82,69
490,GTCGTAT,stx1301,21
490,GTCGTAT,ipaH321,16
490,GTCGTAT,aac3VI23,32
490,GTCGTAT,aap223,13
490,GTCGTAT,bfpF105,2
490,GTCGTAT,gadph195,14
490,GTCGTAT,eltA73,22
490,GTCGTAT,tetB43,17
490,GTCGTAT,qnrS1,4
490,GTCGTAT,aac6I6,7
490,GTCGTAT,stx23291,18
490,GTCGTAT,uidA616,12
490,GTCGTAT,bfpF56,3
490,GTCGTAT,Tsp19,9
490,GTCGTAT,aac6I123,3
490,GTCGTAT,aac3II63,7
490,GTCGTAT,aadA57,8
490,GTCGTAT,mphA18,8
490,GTCGTAT,mcr64,1
490,GTCGTAT,astA13,8
490,GTCGTAT,aadA1,6
490,GTCGTAT,eltA4510,1
490,GTCGTAT,aaiC47,1
490,GTCGTAT,estIa1515,1
490,GTCGTAT,stx11581,2
490,GTCGTAT,stx2181,4
490,GTCGTAT,aaiC17,1
490,GTCGTAT,intI125,3
490,GTCGTAT,sul22,10
490,GTCGTAT,qnrB35,3
490,GTCGTAT,aadA21,1
490,GTCGTAT,dfrA1,1
490,GTCGTAT,eae111,1
490,GTCGTAT,estIa94,1
490,GTCGTAT,tetM34,1
490,GTCGTAT,ermB1,1
488,GTGCTAT,eae111,19624
488,GTGCTAT,aac3VI23,34
488,GTGCTAT,dfrA15,4266
488,GTGCTAT,ipaH921,461
488,GTGCTAT,mcr28,72
488,GTGCTAT,aph6I29,516
488,GTGCTAT,dfrA58,156
488,GTGCTAT,stx23291,12
488,GTGCTAT,dfrA369,136
488,GTGCTAT,dfrA243,280
488,GTGCTAT,tetA13,108
488,GTGCTAT,bfpA82,81
488,GTGCTAT,sul15,84
488,GTGCTAT,qnrB7,644
488,GTGCTAT,tetB43,23
488,GTGCTAT,trpA354,22
488,GTGCTAT,ant2Ia1,43
488,GTGCTAT,aadA57,19
488,GTGCTAT,aac3II63,6
488,GTGCTAT,invE132,33
488,GTGCTAT,bfpF56,7
488,GTGCTAT,Tsp19,2
488,GTGCTAT,aatA12314,2
488,GTGCTAT,gadph195,14
488,GTGCTAT,yjaA12,9
488,GTGCTAT,chuA24,22
488,GTGCTAT,sul336,44
488,GTGCTAT,stx11581,1
488,GTGCTAT,eae6271,13
488,GTGCTAT,aac6I6,6
488,GTGCTAT,stx2181,4
488,GTGCTAT,aap223,10
488,GTGCTAT,tetM34,2
488,GTGCTAT,uidA616,10
488,GTGCTAT,qnrB35,4
488,GTGCTAT,stx1301,16
488,GTGCTAT,sul22,9
488,GTGCTAT,uidA160,6
488,GTGCTAT,astA13,6
488,GTGCTAT,estIa1515,1
488,GTGCTAT,ipaH321,12
488,GTGCTAT,aadA1,3
488,GTGCTAT,mcr64,3
488,GTGCTAT,aac6I123,5
488,GTGCTAT,eltA73,9
488,GTGCTAT,intI125,2
488,GTGCTAT,mphA18,3
488,GTGCTAT,aatA22,1
488,GTGCTAT,qnrS1,4
488,GTGCTAT,arpA19,1
488,GTGCTAT,aadA21,2
488,GTGCTAT,eltA4510,2
488,GTGCTAT,estIa94,2
488,GTGCTAT,eltB2318,1
488,GTGCTAT,aph3386,1
488,GTGCTAT,eltB12,1
488,GTGCTAT,aggR11,1
451,GTCTTCT,mcr64,9471
451,GTCTTCT,qnrB7,515
451,GTCTTCT,dfrA15,3633
451,GTCTTCT,bfpA82,40
451,GTCTTCT,dfrA369,108
451,GTCTTCT,stx1301,6
451,GTCTTCT,trpA354,22
451,GTCTTCT,aph6I29,405
451,GTCTTCT,invE132,22
451,GTCTTCT,tetA13,89
451,GTCTTCT,dfrA243,272
451,GTCTTCT,stx23291,6
451,GTCTTCT,ipaH921,113
451,GTCTTCT,aac6I123,43
451,GTCTTCT,dfrA58,121
451,GTCTTCT,stx2181,2
451,GTCTTCT,chuA24,16
451,GTCTTCT,mcr28,47
451,GTCTTCT,sul336,35
451,GTCTTCT,eltA73,15
451,GTCTTCT,sul15,77
451,GTCTTCT,ipaH321,19
451,GTCTTCT,estIa94,2
451,GTCTTCT,uidA616,10
451,GTCTTCT,Tsp19,5
451,GTCTTCT,ant2Ia1,37
451,GTCTTCT,yjaA12,10
451,GTCTTCT,qnrB35,1
451,GTCTTCT,eae6271,9
451,GTCTTCT,uidA160,1
451,GTCTTCT,aac3VI23,21
451,GTCTTCT,aadA57,9
451,GTCTTCT,aac6I6,4
451,GTCTTCT,aap223,5
451,GTCTTCT,stx11581,2
451,GTCTTCT,qnrS1,1
451,GTCTTCT,tetB43,9
451,GTCTTCT,astA13,9
451,GTCTTCT,bfpF56,3
451,GTCTTCT,aadA1,4
451,GTCTTCT,intI125,4
451,GTCTTCT,aadA21,3
451,GTCTTCT,dfrA1,2
451,GTCTTCT,eltA4510,2
451,GTCTTCT,tetM34,2
451,GTCTTCT,ermB1,3
451,GTCTTCT,sul22,3
451,GTCTTCT,mphA18,6
451,GTCTTCT,aph3386,2
451,GTCTTCT,aatA12314,4
451,GTCTTCT,eae111,3
451,GTCTTCT,gadph195,1
451,GTCTTCT,eltB2318,1
496,CCGCATA,bfpA82,21668
496,CCGCATA,aph6I29,212
496,CCGCATA,dfrA15,1693
496,CCGCATA,dfrA243,127
496,CCGCATA,tetA13,50
496,CCGCATA,qnrB7,236
496,CCGCATA,chuA24,10
496,CCGCATA,aac6I6,3
496,CCGCATA,sul336,14
496,CCGCATA,dfrA58,60
496,CCGCATA,tetB43,14
496,CCGCATA,dfrA369,48
496,CCGCATA,dfrA1,2
496,CCGCATA,ipaH921,65
496,CCGCATA,bfpF56,4
496,CCGCATA,uidA616,13
496,CCGCATA,Tsp19,6
496,CCGCATA,ant2Ia1,14
496,CCGCATA,mcr28,16
496,CCGCATA,sul15,35
496,CCGCATA,aac3VI23,12
496,CCGCATA,yjaA12,9
496,CCGCATA,invE132,11
496,CCGCATA,aap223,5
496,CCGCATA,aatA22,1
496,CCGCATA,stx23291,7
496,CCGCATA,aadA1,3
496,CCGCATA,eltA73,11
496,CCGCATA,stx1301,8
496,CCGCATA,mphA18,2
496,CCGCATA,gadph195,6
496,CCGCATA,intI125,3
496,CCGCATA,bfpF105,1
496,CCGCATA,trpA354,9
496,CCGCATA,eae6271,7
496,CCGCATA,astA13,5
496,CCGCATA,qnrB35,4
496,CCGCATA,eae111,1
496,CCGCATA,aadA57,4
496,CCGCATA,ipaH321,10
496,CCGCATA,aac3II63,2
496,CCGCATA,mcr64,3
496,CCGCATA,aafA83,2
496,CCGCATA,aatA12314,3
496,CCGCATA,sul22,4
496,CCGCATA,aadA21,3
496,CCGCATA,aac6I123,3
496,CCGCATA,aph3386,1
496,CCGCATA,qnrS1,1
496,CCGCATA,eltB2318,1
496,CCGCATA,eltA4510,1
462,GAACTGA,aph3386,13060
462,GAACTGA,aph6I29,447
462,GAACTGA,dfrA15,3634
462,GAACTGA,dfrA58,137
462,GAACTGA,qnrB7,602
462,GAACTGA,sul336,41
462,GAACTGA,dfrA369,95
462,GAACTGA,dfrA243,267
462,GAACTGA,ipaH921,114
462,GAACTGA,invE132,27
462,GAACTGA,mcr28,47
462,GAACTGA,sul15,84
462,GAACTGA,tetA13,95
462,GAACTGA,ant2Ia1,35
462,GAACTGA,bfpA82,57
462,GAACTGA,eltA73,10
462,GAACTGA,stx1301,14
462,GAACTGA,aac3VI23,30
462,GAACTGA,qnrS1,1
462,GAACTGA,yjaA12,14
462,GAACTGA,bfpF56,6
462,GAACTGA,chuA24,16
462,GAACTGA,eae6271,12
462,GAACTGA,uidA616,19
462,GAACTGA,trpA354,13
462,GAACTGA,uidA160,4
462,GAACTGA,aatA12314,2
462,GAACTGA,qnrB35,3
462,GAACTGA,tetM34,1
462,GAACTGA,stx23291,13
462,GAACTGA,tetB43,17
462,GAACTGA,astA13,4
462,GAACTGA,arpA19,2
462,GAACTGA,aadA1,2
462,GAACTGA,aadA57,13
462,GAACTGA,stx11581,1
462,GAACTGA,gadph195,9
462,GAACTGA,dfrA1,2
462,GAACTGA,aac6I123,2
462,GAACTGA,sul22,7
462,GAACTGA,aac3II63,3
462,GAACTGA,mphA18,2
462,GAACTGA,aafA83,1
462,GAACTGA,ermB1,1
462,GAACTGA,aaiC17,3
462,GAACTGA,eltA4510,1
462,GAACTGA,eltB2318,1
462,GAACTGA,aac6I6,7
462,GAACTGA,stx2181,1
462,GAACTGA,aap223,8
462,GAACTGA,ipaH321,4
462,GAACTGA,eltB12,1
462,GAACTGA,mcr64,2
462,GAACTGA,estIa1515,1
462,GAACTGA,eae111,2
462,GAACTGA,intI125,1
462,GAACTGA,aatA22,1
462,GAACTGA,Tsp19,1
467,ATCCAGT,ermB1,7575
467,ATCCAGT,dfrA15,4275
467,ATCCAGT,qnrB7,666
467,ATCCAGT,dfrA243,283
467,ATCCAGT,aph6I29,602
467,ATCCAGT,tetA13,98
467,ATCCAGT,ipaH321,13
467,ATCCAGT,sul336,32
467,ATCCAGT,ipaH921,138
467,ATCCAGT,sul15,97
467,ATCCAGT,chuA24,28
467,ATCCAGT,bfpA82,67
467,ATCCAGT,dfrA369,102
467,ATCCAGT,dfrA58,162
467,ATCCAGT,invE132,35
467,ATCCAGT,aac3VI23,31
467,ATCCAGT,ant2Ia1,40
467,ATCCAGT,mcr28,52
467,ATCCAGT,gadph195,7
467,ATCCAGT,qnrS1,2
467,ATCCAGT,tetB43,14
467,ATCCAGT,uidA616,10
467,ATCCAGT,aaiC17,4
467,ATCCAGT,bfpF105,2
467,ATCCAGT,aap223,7
467,ATCCAGT,stx1301,16
467,ATCCAGT,eae6271,9
467,ATCCAGT,eltA73,15
467,ATCCAGT,eltB12,1
467,ATCCAGT,bfpF56,2
467,ATCCAGT,qnrB35,2
467,ATCCAGT,sul22,8
467,ATCCAGT,yjaA12,8
467,ATCCAGT,stx23291,12
467,ATCCAGT,stx2181,3
467,ATCCAGT,dfrA1,3
467,ATCCAGT,trpA354,21
467,ATCCAGT,aadA57,8
467,ATCCAGT,mphA18,7
467,ATCCAGT,astA13,6
467,ATCCAGT,aadA1,2
467,ATCCAGT,Tsp19,5
467,ATCCAGT,eltB2318,3
467,ATCCAGT,uidA160,2
467,ATCCAGT,stx11581,3
467,ATCCAGT,mcr64,1
467,ATCCAGT,aac6I6,2
467,ATCCAGT,aac3II63,1
467,ATCCAGT,arpA19,1
467,ATCCAGT,intI125,1
467,ATCCAGT,tetM34,2
467,ATCCAGT,eltA4510,1
466,AAACCCT,qnrS1,24708
466,AAACCCT,dfrA15,2713
466,AAACCCT,sul15,61
466,AAACCCT,mcr28,13
466,AAACCCT,tetB43,21
466,AAACCCT,qnrB7,326
466,AAACCCT,aph6I29,374
466,AAACCCT,dfrA243,198
466,AAACCCT,sul336,20
466,AAACCCT,gadph195,5
466,AAACCCT,dfrA369,30
466,AAACCCT,dfrA58,96
466,AAACCCT,ipaH921,82
466,AAACCCT,bfpA82,33
466,AAACCCT,aac6I6,8
466,AAACCCT,tetA13,79
466,AAACCCT,sul22,9
466,AAACCCT,aadA21,2
466,AAACCCT,trpA354,13
466,AAACCCT,aatA12314,3
466,AAACCCT,ant2Ia1,25
466,AAACCCT,ipaH321,12
466,AAACCCT,Tsp19,4
466,AAACCCT,uidA616,13
466,AAACCCT,invE132,12
466,AAACCCT,eltB2318,2
466,AAACCCT,stx23291,10
466,AAACCCT,eae6271,8
466,AAACCCT,aac3VI23,23
466,AAACCCT,chuA24,12
466,AAACCCT,aatA22,2
466,AAACCCT,mphA18,4
466,AAACCCT,tetM34,1
466,AAACCCT,stx1301,8
466,AAACCCT,aadA57,9
466,AAACCCT,uidA160,3
466,AAACCCT,aap223,5
466,AAACCCT,eltA73,5
466,AAACCCT,aac3II63,2
466,AAACCCT,bfpF105,2
466,AAACCCT,aac6I123,3
466,AAACCCT,stx2181,5
466,AAACCCT,intI125,2
466,AAACCCT,bfpF56,4
466,AAACCCT,astA13,3
466,AAACCCT,dfrA1,1
466,AAACCCT,qnrB35,2
466,AAACCCT,aadA1,4
466,AAACCCT,yjaA12,1
466,AAACCCT,ermB1,1
466,AAACCCT,eltA4510,1
466,AAACCCT,aph3386,1
476,TGACTCT,sul22,17347
476,TGACTCT,dfrA15,1862
476,TGACTCT,chuA24,14
476,TGACTCT,qnrB7,286
476,TGACTCT,dfrA58,84
476,TGACTCT,aac3VI23,14
476,TGACTCT,aph6I29,242
476,TGACTCT,mcr28,17
476,TGACTCT,ipaH921,62
476,TGACTCT,uidA616,13
476,TGACTCT,dfrA243,132
476,TGACTCT,bfpA82,17
476,TGACTCT,ant2Ia1,22
476,TGACTCT,dfrA369,44
476,TGACTCT,aap223,10
476,TGACTCT,trpA354,12
476,TGACTCT,eae6271,5
476,TGACTCT,tetA13,48
476,TGACTCT,stx1301,5
476,TGACTCT,sul336,28
476,TGACTCT,invE132,5
476,TGACTCT,sul15,38
476,TGACTCT,eltA73,8
476,TGACTCT,aaiC47,2
476,TGACTCT,bfpF105,1
476,TGACTCT,mphA18,4
476,TGACTCT,tetB43,11
476,TGACTCT,astA13,4
476,TGACTCT,eltA4510,1
476,TGACTCT,intI125,3
476,TGACTCT,yjaA12,6
476,TGACTCT,aadA57,5
476,TGACTCT,Tsp19,2
476,TGACTCT,aaiC17,1
476,TGACTCT,aac6I6,2
476,TGACTCT,ipaH321,6
476,TGACTCT,aac6I123,2
476,TGACTCT,stx23291,3
476,TGACTCT,estIa94,1
476,TGACTCT,stx2181,3
476,TGACTCT,qnrS1,1
476,TGACTCT,aadA21,5
476,TGACTCT,aac3II63,3
476,TGACTCT,gadph195,6
476,TGACTCT,uidA160,4
476,TGACTCT,bfpF56,2
476,TGACTCT,qnrB35,4
476,TGACTCT,eae111,1
476,TGACTCT,eltB2318,1
476,TGACTCT,tetM34,1
495,CGGATGA,dfrA369,55
495,CGGATGA,stx11581,5268
495,CGGATGA,dfrA15,1661
495,CGGATGA,dfrA243,101
495,CGGATGA,stx1301,371
495,CGGATGA,sul336,23
495,CGGATGA,aph6I29,237
495,CGGATGA,aac3II63,2
495,CGGATGA,eae6271,9
495,CGGATGA,stx23291,8
495,CGGATGA,qnrB7,251
495,CGGATGA,dfrA58,54
495,CGGATGA,bfpA82,25
495,CGGATGA,aac6I6,3
495,CGGATGA,invE132,19
495,CGGATGA,sul15,32
495,CGGATGA,aaiC17,1
495,CGGATGA,aac3VI23,12
495,CGGATGA,ipaH921,51
495,CGGATGA,ipaH321,4
495,CGGATGA,aap223,4
495,CGGATGA,ant2Ia1,16
495,CGGATGA,chuA24,9
495,CGGATGA,eltB2318,1
495,CGGATGA,tetA13,39
495,CGGATGA,aadA57,5
495,CGGATGA,mcr28,20
495,CGGATGA,yjaA12,2
495,CGGATGA,gadph195,6
495,CGGATGA,intI125,2
495,CGGATGA,eltA4510,1
495,CGGATGA,mphA18,6
495,CGGATGA,qnrB35,2
495,CGGATGA,trpA354,9
495,CGGATGA,eltA73,7
495,CGGATGA,sul22,2
495,CGGATGA,astA13,5
495,CGGATGA,uidA616,7
495,CGGATGA,Tsp19,2
495,CGGATGA,estIa1515,2
495,CGGATGA,dfrA1,5
495,CGGATGA,bfpF56,2
495,CGGATGA,tetB43,3
495,CGGATGA,aadA1,1
495,CGGATGA,aac6I123,1
495,CGGATGA,mcr64,1
495,CGGATGA,qnrS1,1
495,CGGATGA,eae111,1
495,CGGATGA,uidA160,1
495,CGGATGA,stx2181,2
495,CGGATGA,estIa94,2
450,CCACTAG,mcr28,14086
450,CCACTAG,dfrA15,3299
450,CCACTAG,aph6I29,406
450,CCACTAG,qnrB7,426
450,CCACTAG,ipaH921,105
450,CCACTAG,dfrA58,114
450,CCACTAG,sul15,65
450,CCACTAG,tetB43,20
450,CCACTAG,mphA18,16
450,CCACTAG,sul22,12
450,CCACTAG,sul336,33
450,CCACTAG,ant2Ia1,32
450,CCACTAG,aac3VI23,23
450,CCACTAG,dfrA369,76
450,CCACTAG,dfrA243,224
450,CCACTAG,aac3II63,5
450,CCACTAG,tetA13,74
450,CCACTAG,stx2181,3
450,CCACTAG,yjaA12,10
450,CCACTAG,tetM34,2
450,CCACTAG,aadA1,4
450,CCACTAG,stx23291,14
450,CCACTAG,stx1301,11
450,CCACTAG,gadph195,6
450,CCACTAG,bfpA82,34
450,CCACTAG,ipaH321,11
450,CCACTAG,aadA57,9
450,CCACTAG,trpA354,14
450,CCACTAG,invE132,16
450,CCACTAG,uidA616,11
450,CCACTAG,aap223,8
450,CCACTAG,eltA73,13
450,CCACTAG,qnrS1,3
450,CCACTAG,aatA12314,5
450,CCACTAG,Tsp19,9
450,CCACTAG,uidA160,2
450,CCACTAG,ermB1,7
450,CCACTAG,chuA24,17
450,CCACTAG,mcr64,1
450,CCACTAG,qnrB35,5
450,CCACTAG,aac6I123,1
450,CCACTAG,aac6I6,5
450,CCACTAG,astA13,10
450,CCACTAG,eae6271,9
450,CCACTAG,eltB2318,1
450,CCACTAG,aph3386,3
450,CCACTAG,intI125,2
450,CCACTAG,bfpF56,1
450,CCACTAG,aggR11,1
450,CCACTAG,aadA21,2
450,CCACTAG,stx11581,1
450,CCACTAG,dfrA1,2
450,CCACTAG,aaiC17,1
450,CCACTAG,aafA83,1
450,CCACTAG,estIa94,1
480,GCCTATA,tetM34,9835
480,GCCTATA,aph6I29,272
480,GCCTATA,dfrA15,2167
480,GCCTATA,tetB43,12
480,GCCTATA,stx23291,5
480,GCCTATA,qnrB7,318
480,GCCTATA,dfrA243,139
480,GCCTATA,mcr28,33
480,GCCTATA,dfrA58,78
480,GCCTATA,sul15,56
480,GCCTATA,dfrA369,48
480,GCCTATA,sul336,27
480,GCCTATA,bfpA82,34
480,GCCTATA,aac3VI23,15
480,GCCTATA,astA13,4
480,GCCTATA,dfrA1,1
480,GCCTATA,ipaH921,70
480,GCCTATA,mphA18,5
480,GCCTATA,ant2Ia1,20
480,GCCTATA,tetA13,60
480,GCCTATA,yjaA12,2
480,GCCTATA,eae6271,7
480,GCCTATA,stx1301,8
480,GCCTATA,invE132,19
480,GCCTATA,ipaH321,3
480,GCCTATA,sul22,8
480,GCCTATA,aph3386,1
480,GCCTATA,aadA57,5
480,GCCTATA,ermB1,2
480,GCCTATA,uidA160,3
480,GCCTATA,Tsp19,5
480,GCCTATA,uidA616,4
480,GCCTATA,trpA354,4
480,GCCTATA,gadph195,3
480,GCCTATA,aac6I6,2
480,GCCTATA,eltA73,3
480,GCCTATA,bfpF56,4
480,GCCTATA,aap223,3
480,GCCTATA,aadA1,1
480,GCCTATA,estIa94,1
480,GCCTATA,aac3II63,6
480,GCCTATA,aac6I123,1
480,GCCTATA,eae111,1
480,GCCTATA,qnrB35,1
480,GCCTATA,aaiC17,1
480,GCCTATA,chuA24,3
480,GCCTATA,intI125,2
480,GCCTATA,eltA4510,1
480,GCCTATA,aatA12314,2
480,GCCTATA,eltB2318,1
480,GCCTATA,stx2181,1
513,GCAACGA,dfrA15,5523
513,GCAACGA,dfrA369,181
513,GCAACGA,aph6I29,649
513,GCAACGA,bfpA82,90
513,GCAACGA,dfrA58,168
513,GCAACGA,sul22,14
513,GCAACGA,tetA13,117
513,GCAACGA,qnrB7,846
513,GCAACGA,dfrA1,5
513,GCAACGA,ipaH921,168
513,GCAACGA,dfrA243,350
513,GCAACGA,sul15,109
513,GCAACGA,eae6271,19
513,GCAACGA,qnrB35,1
513,GCAACGA,sul336,68
513,GCAACGA,eltA73,6
513,GCAACGA,uidA160,1
513,GCAACGA,mcr28,74
513,GCAACGA,aac3VI23,25
513,GCAACGA,uidA616,12
513,GCAACGA,invE132,47
513,GCAACGA,aadA57,6
513,GCAACGA,tetB43,18
513,GCAACGA,eae111,2
513,GCAACGA,ipaH321,14
513,GCAACGA,ant2Ia1,49
513,GCAACGA,astA13,8
513,GCAACGA,chuA24,26
513,GCAACGA,stx2181,5
513,GCAACGA,stx1301,17
513,GCAACGA,stx23291,17
513,GCAACGA,intI125,2
513,GCAACGA,yjaA12,16
513,GCAACGA,aap223,9
513,GCAACGA,estIa94,1
513,GCAACGA,bfpF56,5
513,GCAACGA,Tsp19,6
513,GCAACGA,qnrS1,1
513,GCAACGA,trpA354,24
513,GCAACGA,gadph195,5
513,GCAACGA,tetM34,1
513,GCAACGA,aac6I6,5
513,GCAACGA,aadA21,1
513,GCAACGA,aac3II63,3
513,GCAACGA,mcr64,3
513,GCAACGA,aac6I123,5
513,GCAACGA,bfpF105,1
513,GCAACGA,aatA12314,1
513,GCAACGA,aph3386,1
513,GCAACGA,aadA1,1
500,TGTAGGG,eltA4510,21948
500,TGTAGGG,qnrB7,307
500,TGTAGGG,dfrA243,117
500,TGTAGGG,dfrA15,1775
500,TGTAGGG,sul15,48
500,TGTAGGG,stx1301,10
500,TGTAGGG,aph6I29,198
500,TGTAGGG,tetB43,9
500,TGTAGGG,aac3II63,2
500,TGTAGGG,Tsp19,3
500,TGTAGGG,dfrA369,88
500,TGTAGGG,eltA73,11
500,TGTAGGG,aac3VI23,21
500,TGTAGGG,sul336,22
500,TGTAGGG,bfpA82,35
500,TGTAGGG,dfrA58,65
500,TGTAGGG,aadA57,9
500,TGTAGGG,astA13,6
500,TGTAGGG,aadA1,6
500,TGTAGGG,mcr28,28
500,TGTAGGG,trpA354,11
500,TGTAGGG,tetA13,38
500,TGTAGGG,uidA160,5
500,TGTAGGG,ipaH921,54
500,TGTAGGG,qnrS1,2
500,TGTAGGG,aac6I123,6
500,TGTAGGG,invE132,25
500,TGTAGGG,ant2Ia1,10
500,TGTAGGG,stx23291,10
500,TGTAGGG,bfpF56,5
500,TGTAGGG,yjaA12,5
500,TGTAGGG,aaiC17,1
500,TGTAGGG,chuA24,13
500,TGTAGGG,aafA83,1
500,TGTAGGG,ipaH321,5
500,TGTAGGG,aph3386,1
500,TGTAGGG,bfpF105,3
500,TGTAGGG,intI125,1
500,TGTAGGG,aatA12314,5
500,TGTAGGG,mphA18,5
500,TGTAGGG,aac6I6,4
500,TGTAGGG,dfrA1,1
500,TGTAGGG,aap223,7
500,TGTAGGG,stx2181,8
500,TGTAGGG,aadA21,1
500,TGTAGGG,uidA616,6
500,TGTAGGG,eae111,1
500,TGTAGGG,estIa94,2
500,TGTAGGG,ermB1,1
500,TGTAGGG,mcr64,1
500,TGTAGGG,eae6271,5
500,TGTAGGG,aggR11,1
500,TGTAGGG,sul22,2
500,TGTAGGG,qnrB35,4
500,TGTAGGG,gadph195,2
500,TGTAGGG,arpA19,1
500,TGTAGGG,eltB2318,1
500,TGTAGGG,tetM34,2
494,ACGGAAC,stx1301,20148
494,ACGGAAC,dfrA15,1557
494,ACGGAAC,qnrB7,230
494,ACGGAAC,ant2Ia1,26
494,ACGGAAC,dfrA58,46
494,ACGGAAC,aph6I29,184
494,ACGGAAC,bfpA82,26
494,ACGGAAC,aadA21,3
494,ACGGAAC,dfrA243,108
494,ACGGAAC,dfrA369,62
494,ACGGAAC,ipaH921,39
494,ACGGAAC,aadA1,4
494,ACGGAAC,sul336,22
494,ACGGAAC,eae6271,2
494,ACGGAAC,yjaA12,7
494,ACGGAAC,aaiC47,1
494,ACGGAAC,invE132,15
494,ACGGAAC,sul15,29
494,ACGGAAC,mcr28,25
494,ACGGAAC,tetA13,37
494,ACGGAAC,aac3VI23,24
494,ACGGAAC,aap223,13
494,ACGGAAC,eltA73,10
494,ACGGAAC,astA13,4
494,ACGGAAC,Tsp19,3
494,ACGGAAC,aadA57,5
494,ACGGAAC,chuA24,7
494,ACGGAAC,uidA616,6
494,ACGGAAC,mphA18,5
494,ACGGAAC,ipaH321,5
494,ACGGAAC,aac3II63,4
494,ACGGAAC,tetB43,8
494,ACGGAAC,eltB2318,1
494,ACGGAAC,aac6I6,4
494,ACGGAAC,stx2181,1
494,ACGGAAC,estIa94,2
494,ACGGAAC,stx23291,3
494,ACGGAAC,aac6I123,3
494,ACGGAAC,aaiC17,1
494,ACGGAAC,gadph195,2
494,ACGGAAC,intI125,1
494,ACGGAAC,sul22,1
494,ACGGAAC,aatA22,1
494,ACGGAAC,stx11581,3
494,ACGGAAC,arpA19,1
494,ACGGAAC,bfpF56,4
494,ACGGAAC,trpA354,5
494,ACGGAAC,qnrB35,1
494,ACGGAAC,uidA160,4
494,ACGGAAC,dfrA1,1
494,ACGGAAC,estIa1515,1
502,GCTTTCT,eltB2318,13275
502,GCTTTCT,dfrA15,1416
502,GCTTTCT,aac6I6,7
502,GCTTTCT,sul15,31
502,GCTTTCT,dfrA369,78
502,GCTTTCT,dfrA58,60
502,GCTTTCT,ipaH921,35
502,GCTTTCT,dfrA243,113
502,GCTTTCT,aph6I29,157
502,GCTTTCT,eae6271,5
502,GCTTTCT,invE132,17
502,GCTTTCT,qnrB7,275
502,GCTTTCT,Tsp19,3
502,GCTTTCT,bfpA82,31
502,GCTTTCT,chuA24,11
502,GCTTTCT,tetB43,9
502,GCTTTCT,sul336,16
502,GCTTTCT,stx11581,3
502,GCTTTCT,tetA13,34
502,GCTTTCT,trpA354,9
502,GCTTTCT,astA13,5
502,GCTTTCT,aac3VI23,14
502,GCTTTCT,sul22,7
502,GCTTTCT,bfpF56,2
502,GCTTTCT,uidA616,9
502,GCTTTCT,aatA12314,3
502,GCTTTCT,mcr28,24
502,GCTTTCT,aac6I123,2
502,GCTTTCT,ant2Ia1,16
502,GCTTTCT,qnrS1,5
502,GCTTTCT,bfpF105,1
502,GCTTTCT,intI125,3
502,GCTTTCT,aap223,10
502,GCTTTCT,eltA73,5
502,GCTTTCT,stx1301,7
502,GCTTTCT,aaiC17,3
502,GCTTTCT,yjaA12,1
502,GCTTTCT,dfrA1,3
502,GCTTTCT,aadA57,5
502,GCTTTCT,ipaH321,7
502,GCTTTCT,aadA1,6
502,GCTTTCT,mphA18,2
502,GCTTTCT,qnrB35,2
502,GCTTTCT,tetM34,1
502,GCTTTCT,stx23291,3
502,GCTTTCT,gadph195,2
502,GCTTTCT,estIa94,1
502,GCTTTCT,eltA4510,2
498,AACGTGT,invE132,13161
498,AACGTGT,tetA13,42
498,AACGTGT,dfrA15,1903
498,AACGTGT,mcr28,40
498,AACGTGT,aph6I29,245
498,AACGTGT,qnrB7,299
498,AACGTGT,uidA616,10
498,AACGTGT,dfrA243,132
498,AACGTGT,dfrA369,69
498,AACGTGT,ant2Ia1,22
498,AACGTGT,ipaH921,51
498,AACGTGT,sul15,46
498,AACGTGT,dfrA58,48
498,AACGTGT,stx1301,12
498,AACGTGT,stx23291,4
498,AACGTGT,sul336,25
498,AACGTGT,bfpA82,34
498,AACGTGT,eltA73,6
498,AACGTGT,aac3VI23,8
498,AACGTGT,chuA24,12
498,AACGTGT,aaiC17,1
498,AACGTGT,ipaH321,8
498,AACGTGT,yjaA12,5
498,AACGTGT,mphA18,3
498,AACGTGT,trpA354,10
498,AACGTGT,tetB43,9
498,AACGTGT,aac6I123,4
498,AACGTGT,bfpF56,5
498,AACGTGT,aadA1,3
498,AACGTGT,qnrB35,1
498,AACGTGT,sul22,5
498,AACGTGT,aac3II63,3
498,AACGTGT,aph3386,1
498,AACGTGT,uidA160,3
498,AACGTGT,aadA57,5
498,AACGTGT,astA13,3
498,AACGTGT,gadph195,4
498,AACGTGT,qnrS1,2
498,AACGTGT,aap223,6
498,AACGTGT,aac6I6,1
498,AACGTGT,Tsp19,1
498,AACGTGT,dfrA1,3
498,AACGTGT,eae6271,6
498,AACGTGT,aatA12314,3
498,AACGTGT,stx2181,2
498,AACGTGT,eltA4510,1
474,TATGCAG,dfrA1,2689
474,TATGCAG,dfrA15,1999
474,TATGCAG,aatA22,2
474,TATGCAG,dfrA243,154
474,TATGCAG,qnrB7,300
474,TATGCAG,aph6I29,239
474,TATGCAG,dfrA58,78
474,TATGCAG,sul15,39
474,TATGCAG,bfpA82,22
474,TATGCAG,sul336,26
474,TATGCAG,ipaH921,58
474,TATGCAG,dfrA369,34
474,TATGCAG,mcr28,21
474,TATGCAG,chuA24,13
474,TATGCAG,tetA13,58
474,TATGCAG,ant2Ia1,24
474,TATGCAG,eltA4510,3
474,TATGCAG,aac3VI23,15
474,TATGCAG,aaiC17,2
474,TATGCAG,aac6I6,2
474,TATGCAG,gadph195,6
474,TATGCAG,stx23291,6
474,TATGCAG,trpA354,8
474,TATGCAG,ipaH321,4
474,TATGCAG,estIa1515,1
474,TATGCAG,sul22,6
474,TATGCAG,stx1301,3
474,TATGCAG,uidA616,4
474,TATGCAG,tetB43,7
474,TATGCAG,invE132,11
474,TATGCAG,uidA160,2
474,TATGCAG,eae6271,5
474,TATGCAG,astA13,3
474,TATGCAG,aadA57,5
474,TATGCAG,ermB1,2
474,TATGCAG,aac3II63,1
474,TATGCAG,qnrB35,1
474,TATGCAG,aatA12314,1
474,TATGCAG,bfpF105,1
474,TATGCAG,eltA73,2
474,TATGCAG,yjaA12,3
474,TATGCAG,Tsp19,2
474,TATGCAG,mphA18,1
474,TATGCAG,aadA1,2
474,TATGCAG,eae111,1
474,TATGCAG,stx2181,2
474,TATGCAG,intI125,1
482,TAGAACG,intI125,37867
482,TAGAACG,dfrA15,2932
482,TAGAACG,dfrA369,77
482,TAGAACG,aph6I29,375
482,TAGAACG,qnrB7,438
482,TAGAACG,aap223,19
482,TAGAACG,aadA21,4
482,TAGAACG,eltA73,14
482,TAGAACG,sul15,75
482,TAGAACG,sul336,30
482,TAGAACG,tetB43,22
482,TAGAACG,aac3VI23,25
482,TAGAACG,dfrA243,236
482,TAGAACG,invE132,23
482,TAGAACG,ipaH921,96
482,TAGAACG,bfpA82,38
482,TAGAACG,tetA13,70
482,TAGAACG,dfrA58,92
482,TAGAACG,mcr28,35
482,TAGAACG,stx23291,17
482,TAGAACG,mcr64,3
482,TAGAACG,aac6I6,15
482,TAGAACG,astA13,8
482,TAGAACG,ant2Ia1,49
482,TAGAACG,eae6271,9
482,TAGAACG,trpA354,15
482,TAGAACG,chuA24,15
482,TAGAACG,stx1301,10
482,TAGAACG,qnrS1,4
482,TAGAACG,ipaH321,9
482,TAGAACG,yjaA12,12
482,TAGAACG,Tsp19,10
482,TAGAACG,uidA160,4
482,TAGAACG,stx2181,5
482,TAGAACG,mphA18,8
482,TAGAACG,aadA57,7
482,TAGAACG,qnrB35,5
482,TAGAACG,bfpF56,6
482,TAGAACG,bfpF105,3
482,TAGAACG,aadA1,6
482,TAGAACG,gadph195,5
482,TAGAACG,sul22,15
482,TAGAACG,aph3386,4
482,TAGAACG,uidA616,8
482,TAGAACG,aac6I123,2
482,TAGAACG,dfrA1,3
482,TAGAACG,estIa94,2
482,TAGAACG,aac3II63,6
482,TAGAACG,ermB1,1
482,TAGAACG,aatA12314,2
482,TAGAACG,tetM34,2
482,TAGAACG,eae111,2
482,TAGAACG,estIa1515,1
482,TAGAACG,aggR11,1
482,TAGAACG,aatA22,1
453,AAAAGGC,aadA21,16643
453,AAAAGGC,dfrA15,2464
453,AAAAGGC,dfrA58,88
453,AAAAGGC,qnrB7,400
453,AAAAGGC,mcr28,40
453,AAAAGGC,aph6I29,320
453,AAAAGGC,sul15,48
453,AAAAGGC,dfrA243,182
453,AAAAGGC,ipaH921,70
453,AAAAGGC,bfpA82,41
453,AAAAGGC,chuA24,13
453,AAAAGGC,ant2Ia1,35
453,AAAAGGC,tetA13,60
453,AAAAGGC,aac3II63,2
453,AAAAGGC,dfrA369,67
453,AAAAGGC,aac3VI23,17
453,AAAAGGC,aadA57,10
453,AAAAGGC,ipaH321,13
453,AAAAGGC,tetB43,11
453,AAAAGGC,dfrA1,2
453,AAAAGGC,sul336,22
453,AAAAGGC,gadph195,3
453,AAAAGGC,bfpF56,5
453,AAAAGGC,aap223,8
453,AAAAGGC,uidA616,16
453,AAAAGGC,trpA354,10
453,AAAAGGC,intI125,3
453,AAAAGGC,sul22,6
453,AAAAGGC,aph3386,2
453,AAAAGGC,stx1301,8
453,AAAAGGC,qnrS1,2
453,AAAAGGC,uidA160,5
453,AAAAGGC,aatA12314,3
453,AAAAGGC,stx23291,10
453,AAAAGGC,eae6271,3
453,AAAAGGC,eltA73,11
453,AAAAGGC,aac6I123,3
453,AAAAGGC,invE132,12
453,AAAAGGC,yjaA12,4
453,AAAAGGC,aac6I6,4
453,AAAAGGC,mphA18,4
453,AAAAGGC,astA13,2
453,AAAAGGC,stx2181,1
453,AAAAGGC,eae111,4
453,AAAAGGC,qnrB35,2
453,AAAAGGC,Tsp19,2
453,AAAAGGC,aafA83,1
453,AAAAGGC,aadA1,2
453,AAAAGGC,aatA22,1
453,AAAAGGC,eltA4510,1
453,AAAAGGC,estIa1515,1
470,CACAGAT,dfrA369,11796
470,CACAGAT,sul15,85
470,CACAGAT,dfrA15,3335
470,CACAGAT,aph6I29,415
470,CACAGAT,tetB43,16
470,CACAGAT,aac3VI23,23
470,CACAGAT,qnrB7,586
470,CACAGAT,aap223,15
470,CACAGAT,dfrA58,110
470,CACAGAT,ipaH921,116
470,CACAGAT,yjaA12,10
470,CACAGAT,dfrA243,204
470,CACAGAT,ant2Ia1,36
470,CACAGAT,intI125,3
470,CACAGAT,sul336,30
470,CACAGAT,tetA13,81
470,CACAGAT,mcr28,54
470,CACAGAT,trpA354,12
470,CACAGAT,chuA24,24
470,CACAGAT,bfpA82,60
470,CACAGAT,aac6I123,5
470,CACAGAT,stx2181,3
470,CACAGAT,aadA57,13
470,CACAGAT,ipaH321,13
470,CACAGAT,uidA160,5
470,CACAGAT,invE132,23
470,CACAGAT,eae6271,9
470,CACAGAT,uidA616,10
470,CACAGAT,qnrB35,4
470,CACAGAT,aac6I6,4
470,CACAGAT,bfpF105,3
470,CACAGAT,aatA22,1
470,CACAGAT,aaiC47,1
470,CACAGAT,stx1301,7
470,CACAGAT,sul22,4
470,CACAGAT,qnrS1,3
470,CACAGAT,eae111,2
470,CACAGAT,stx23291,8
470,CACAGAT,aac3II63,4
470,CACAGAT,gadph195,3
470,CACAGAT,eltA73,4
470,CACAGAT,aafA83,1
470,CACAGAT,aph3386,1
470,CACAGAT,astA13,10
470,CACAGAT,aatA12314,5
470,CACAGAT,bfpF56,2
470,CACAGAT,eltB2318,2
470,CACAGAT,Tsp19,1
470,CACAGAT,aadA1,2
470,CACAGAT,arpA19,1
470,CACAGAT,tetM34,2
470,CACAGAT,estIa94,1
470,CACAGAT,mcr64,1
470,CACAGAT,ermB1,1
470,CACAGAT,mphA18,1
470,CACAGAT,aaiC17,1
484,ACACGTG,aatA22,10479
484,ACACGTG,aph6I29,419
484,ACACGTG,dfrA15,3443
484,ACACGTG,sul15,64
484,ACACGTG,qnrB7,548
484,ACACGTG,aac3VI23,24
484,ACACGTG,tetA13,95
484,ACACGTG,aap223,6
484,ACACGTG,tetB43,18
484,ACACGTG,dfrA243,290
484,ACACGTG,aac6I6,7
484,ACACGTG,aadA57,11
484,ACACGTG,ant2Ia1,30
484,ACACGTG,ipaH921,114
484,ACACGTG,aac6I123,6
484,ACACGTG,bfpA82,43
484,ACACGTG,stx23291,7
484,ACACGTG,astA13,8
484,ACACGTG,dfrA58,114
484,ACACGTG,uidA616,12
484,ACACGTG,mcr28,38
484,ACACGTG,dfrA369,95
484,ACACGTG,sul336,35
484,ACACGTG,yjaA12,11
484,ACACGTG,stx1301,8
484,ACACGTG,dfrA1,1
484,ACACGTG,aatA12314,6
484,ACACGTG,trpA354,12
484,ACACGTG,invE132,31
484,ACACGTG,uidA160,5
484,ACACGTG,Tsp19,3
484,ACACGTG,bfpF56,1
484,ACACGTG,eltA73,11
484,ACACGTG,sul22,10
484,ACACGTG,aadA1,2
484,ACACGTG,intI125,4
484,ACACGTG,aac3II63,3
484,ACACGTG,chuA24,21
484,ACACGTG,eae6271,7
484,ACACGTG,gadph195,2
484,ACACGTG,mphA18,1
484,ACACGTG,qnrS1,1
484,ACACGTG,aaiC17,1
484,ACACGTG,eltB2318,2
484,ACACGTG,stx2181,3
484,ACACGTG,tetM34,2
484,ACACGTG,ipaH321,8
484,ACACGTG,ermB1,2
484,ACACGTG,estIa1515,1
484,ACACGTG,aadA21,2
484,ACACGTG,eae111,1
484,ACACGTG,qnrB35,1
484,ACACGTG,bfpF105,1
484,ACACGTG,aafA83,1
457,CCATTCA,dfrA15,4500
457,CCATTCA,dfrA243,360
457,CCATTCA,sul15,86
457,CCATTCA,aph6I29,563
457,CCATTCA,qnrB7,753
457,CCATTCA,bfpA82,69
457,CCATTCA,eltA73,6
457,CCATTCA,tetA13,100
457,CCATTCA,dfrA369,102
457,CCATTCA,dfrA58,163
457,CCATTCA,tetB43,16
457,CCATTCA,ipaH921,155
457,CCATTCA,stx2181,1
457,CCATTCA,ant2Ia1,46
457,CCATTCA,stx1301,11
457,CCATTCA,sul336,51
457,CCATTCA,ipaH321,6
457,CCATTCA,gadph195,5
457,CCATTCA,mcr28,45
457,CCATTCA,trpA354,21
457,CCATTCA,aac3VI23,24
457,CCATTCA,uidA616,11
457,CCATTCA,aadA57,12
457,CCATTCA,sul22,5
457,CCATTCA,aac3II63,4
457,CCATTCA,chuA24,14
457,CCATTCA,aatA22,1
457,CCATTCA,bfpF56,3
457,CCATTCA,invE132,27
457,CCATTCA,yjaA12,13
457,CCATTCA,stx23291,15
457,CCATTCA,mphA18,2
457,CCATTCA,aap223,10
457,CCATTCA,aaiC17,1
457,CCATTCA,qnrB35,1
457,CCATTCA,astA13,11
457,CCATTCA,Tsp19,1
457,CCATTCA,aac6I6,6
457,CCATTCA,eltA4510,1
457,CCATTCA,dfrA1,1
457,CCATTCA,aadA1,4
457,CCATTCA,eae6271,4
457,CCATTCA,aatA12314,3
457,CCATTCA,aac6I123,1
457,CCATTCA,stx11581,1
457,CCATTCA,mcr64,1
508,CTTTCCA,dfrA369,101
508,CTTTCCA,aafA83,5061
508,CTTTCCA,aadA57,16
508,CTTTCCA,aph6I29,430
508,CTTTCCA,dfrA15,3553
508,CTTTCCA,qnrB7,628
508,CTTTCCA,bfpA82,49
508,CTTTCCA,mcr28,39
508,CTTTCCA,dfrA243,233
508,CTTTCCA,ipaH321,8
508,CTTTCCA,tetA13,82
508,CTTTCCA,ipaH921,100
508,CTTTCCA,tetB43,18
508,CTTTCCA,ant2Ia1,44
508,CTTTCCA,yjaA12,9
508,CTTTCCA,eltA73,13
508,CTTTCCA,dfrA58,134
508,CTTTCCA,uidA616,13
508,CTTTCCA,aac3VI23,24
508,CTTTCCA,eae6271,8
508,CTTTCCA,chuA24,18
508,CTTTCCA,sul15,89
508,CTTTCCA,stx1301,8
508,CTTTCCA,trpA354,17
508,CTTTCCA,invE132,32
508,CTTTCCA,sul22,8
508,CTTTCCA,stx2181,3
508,CTTTCCA,sul336,28
508,CTTTCCA,gadph195,6
508,CTTTCCA,eltA4510,1
508,CTTTCCA,bfpF56,2
508,CTTTCCA,stx23291,9
508,CTTTCCA,astA13,1
508,CTTTCCA,intI125,1
508,CTTTCCA,aadA21,2
508,CTTTCCA,aac6I6,1
508,CTTTCCA,estIa1515,1
508,CTTTCCA,mphA18,2
508,CTTTCCA,Tsp19,2
508,CTTTCCA,tetM34,1
508,CTTTCCA,aadA1,1
508,CTTTCCA,qnrS1,1
508,CTTTCCA,mcr64,2
508,CTTTCCA,bfpF105,2
508,CTTTCCA,aaiC17,2
508,CTTTCCA,aap223,5
508,CTTTCCA,aatA12314,1
508,CTTTCCA,stx11581,1
508,CTTTCCA,aac3II63,1
508,CTTTCCA,qnrB35,1
508,CTTTCCA,eltB12,1
493,ACGTCAT,aggR11,4099
493,ACGTCAT,dfrA15,4508
493,ACGTCAT,aac6I6,7
493,ACGTCAT,dfrA369,184
493,ACGTCAT,aadA57,9
493,ACGTCAT,ipaH921,131
493,ACGTCAT,dfrA58,162
493,ACGTCAT,dfrA243,318
493,ACGTCAT,mcr28,65
493,ACGTCAT,qnrB7,724
493,ACGTCAT,aph6I29,514
493,ACGTCAT,tetM34,1
493,ACGTCAT,tetA13,111
493,ACGTCAT,sul15,76
493,ACGTCAT,bfpA82,84
493,ACGTCAT,aaiC17,4
493,ACGTCAT,sul336,41
493,ACGTCAT,chuA24,18
493,ACGTCAT,invE132,51
493,ACGTCAT,eltB2318,3
493,ACGTCAT,ant2Ia1,37
493,ACGTCAT,dfrA1,4
493,ACGTCAT,gadph195,2
493,ACGTCAT,aatA22,1
493,ACGTCAT,stx1301,17
493,ACGTCAT,yjaA12,13
493,ACGTCAT,uidA616,10
493,ACGTCAT,stx23291,10
493,ACGTCAT,astA13,2
493,ACGTCAT,aac3VI23,24
493,ACGTCAT,trpA354,14
493,ACGTCAT,qnrS1,3
493,ACGTCAT,aac6I123,6
493,ACGTCAT,stx11581,2
493,ACGTCAT,eae6271,12
493,ACGTCAT,tetB43,18
493,ACGTCAT,aafA83,1
493,ACGTCAT,aadA1,3
493,ACGTCAT,aap223,9
493,ACGTCAT,eltA73,8
493,ACGTCAT,stx2181,6
493,ACGTCAT,mcr64,2
493,ACGTCAT,sul22,7
493,ACGTCAT,ipaH321,13
493,ACGTCAT,aac3II63,4
493,ACGTCAT,Tsp19,3
493,ACGTCAT,mphA18,5
493,ACGTCAT,aadA21,2
493,ACGTCAT,uidA160,4
493,ACGTCAT,qnrB35,1
493,ACGTCAT,bfpF56,1
493,ACGTCAT,aatA12314,1
516,GAATCGA,dfrA243,356
516,GAATCGA,arpA19,4063
516,GAATCGA,dfrA15,4735
516,GAATCGA,eae6271,17
516,GAATCGA,qnrB7,761
516,GAATCGA,aph6I29,589
516,GAATCGA,sul15,111
516,GAATCGA,ipaH921,130
516,GAATCGA,dfrA369,95
516,GAATCGA,stx23291,20
516,GAATCGA,sul336,48
516,GAATCGA,ipaH321,7
516,GAATCGA,astA13,7
516,GAATCGA,chuA24,24
516,GAATCGA,tetA13,111
516,GAATCGA,tetB43,9
516,GAATCGA,ant2Ia1,52
516,GAATCGA,bfpA82,66
516,GAATCGA,dfrA58,186
516,GAATCGA,trpA354,27
516,GAATCGA,mcr28,48
516,GAATCGA,invE132,35
516,GAATCGA,aac6I6,3
516,GAATCGA,gadph195,9
516,GAATCGA,aac3VI23,28
516,GAATCGA,aac3II63,2
516,GAATCGA,uidA160,4
516,GAATCGA,sul22,11
516,GAATCGA,mphA18,6
516,GAATCGA,eltA73,8
516,GAATCGA,eltA4510,1
516,GAATCGA,aadA57,8
516,GAATCGA,yjaA12,14
516,GAATCGA,aph3386,3
516,GAATCGA,uidA616,15
516,GAATCGA,stx1301,12
516,GAATCGA,aap223,7
516,GAATCGA,aadA1,1
516,GAATCGA,Tsp19,4
516,GAATCGA,mcr64,2
516,GAATCGA,aatA22,1
516,GAATCGA,aac6I123,1
516,GAATCGA,bfpF56,3
516,GAATCGA,dfrA1,2
516,GAATCGA,aaiC17,2
516,GAATCGA,stx2181,2
516,GAATCGA,tetM34,1
516,GAATCGA,eae111,2
516,GAATCGA,aatA12314,1
516,GAATCGA,eltB12,1
516,GAATCGA,ermB1,1
516,GAATCGA,intI125,1
516,GAATCGA,estIa94,1
465,TAGAGCG,dfrA15,3493
465,TAGAGCG,qnrB7,487
465,TAGAGCG,aph6I29,453
465,TAGAGCG,ipaH921,105
465,TAGAGCG,sul336,45
465,TAGAGCG,dfrA243,254
465,TAGAGCG,sul15,82
465,TAGAGCG,trpA354,15
465,TAGAGCG,dfrA369,92
465,TAGAGCG,dfrA58,156
465,TAGAGCG,tetA13,100
465,TAGAGCG,intI125,197
465,TAGAGCG,mcr28,42
465,TAGAGCG,eltA73,9
465,TAGAGCG,ant2Ia1,29
465,TAGAGCG,aadA1,2
465,TAGAGCG,bfpA82,48
465,TAGAGCG,eltB2318,1
465,TAGAGCG,ipaH321,8
465,TAGAGCG,chuA24,9
465,TAGAGCG,invE132,36
465,TAGAGCG,yjaA12,8
465,TAGAGCG,aac3II63,2
465,TAGAGCG,tetB43,17
465,TAGAGCG,aac3VI23,26
465,TAGAGCG,uidA160,4
465,TAGAGCG,astA13,6
465,TAGAGCG,sul22,7
465,TAGAGCG,gadph195,6
465,TAGAGCG,stx23291,8
465,TAGAGCG,aac6I123,1
465,TAGAGCG,aap223,4
465,TAGAGCG,eae6271,9
465,TAGAGCG,uidA616,12
465,TAGAGCG,stx2181,2
465,TAGAGCG,stx1301,14
465,TAGAGCG,dfrA1,2
465,TAGAGCG,aadA57,8
465,TAGAGCG,qnrS1,2
465,TAGAGCG,stx11581,1
465,TAGAGCG,eltA4510,1
465,TAGAGCG,bfpF56,2
465,TAGAGCG,Tsp19,2
465,TAGAGCG,eltB12,1
465,TAGAGCG,aatA22,1
465,TAGAGCG,mphA18,1
465,TAGAGCG,bfpF105,1
465,TAGAGCG,aac6I6,1
497,GTGAAGA,dfrA15,2891
497,GTGAAGA,uidA616,10
497,GTGAAGA,dfrA243,206
497,GTGAAGA,qnrB7,382
497,GTGAAGA,aph6I29,330
497,GTGAAGA,ipaH921,81
497,GTGAAGA,stx1301,9
497,GTGAAGA,dfrA369,89
497,GTGAAGA,chuA24,10
497,GTGAAGA,mcr28,33
497,GTGAAGA,tetA13,74
497,GTGAAGA,aadA57,6
497,GTGAAGA,invE132,28
497,GTGAAGA,bfpA82,40
497,GTGAAGA,dfrA58,87
497,GTGAAGA,sul15,64
497,GTGAAGA,mphA18,2
497,GTGAAGA,stx23291,10
497,GTGAAGA,tetB43,9
497,GTGAAGA,Tsp19,3
497,GTGAAGA,eae6271,6
497,GTGAAGA,trpA354,6
497,GTGAAGA,aaiC47,1
497,GTGAAGA,sul336,24
497,GTGAAGA,ant2Ia1,21
497,GTGAAGA,intI125,3
497,GTGAAGA,gadph195,7
497,GTGAAGA,aac3VI23,16
497,GTGAAGA,eae111,3
497,GTGAAGA,aph3386,1
497,GTGAAGA,yjaA12,6
497,GTGAAGA,uidA160,2
497,GTGAAGA,ipaH321,7
497,GTGAAGA,astA13,2
497,GTGAAGA,bfpF105,1
497,GTGAAGA,aac6I6,5
497,GTGAAGA,aap223,4
497,GTGAAGA,aadA1,3
497,GTGAAGA,sul22,5
497,GTGAAGA,aaiC17,1
497,GTGAAGA,aac3II63,2
497,GTGAAGA,eltA73,3
497,GTGAAGA,aatA12314,1
497,GTGAAGA,eltA4510,1
497,GTGAAGA,bfpF56,1
497,GTGAAGA,aac6I123,2
497,GTGAAGA,estIa94,1
504,CGATCAC,estIa1515,5973
504,CGATCAC,tetA13,34
504,CGATCAC,dfrA15,1776
504,CGATCAC,estIa94,180
504,CGATCAC,qnrB7,304
504,CGATCAC,aph6I29,200
504,CGATCAC,ipaH921,51
504,CGATCAC,dfrA243,112
504,CGATCAC,dfrA369,82
504,CGATCAC,ant2Ia1,23
504,CGATCAC,sul22,6
504,CGATCAC,stx2181,1
504,CGATCAC,bfpA82,28
504,CGATCAC,mcr28,33
504,CGATCAC,stx1301,22
504,CGATCAC,dfrA58,69
504,CGATCAC,trpA354,11
504,CGATCAC,sul15,42
504,CGATCAC,ipaH321,6
504,CGATCAC,gadph195,5
504,CGATCAC,stx23291,5
504,CGATCAC,yjaA12,12
504,CGATCAC,tetM34,3
504,CGATCAC,aac3VI23,13
504,CGATCAC,invE132,22
504,CGATCAC,tetB43,8
504,CGATCAC,stx11581,5
504,CGATCAC,sul336,24
504,CGATCAC,aac3II63,2
504,CGATCAC,Tsp19,2
504,CGATCAC,astA13,3
504,CGATCAC,aadA1,3
504,CGATCAC,chuA24,9
504,CGATCAC,bfpF56,5
504,CGATCAC,uidA616,5
504,CGATCAC,aadA57,5
504,CGATCAC,eae6271,5
504,CGATCAC,eltA73,9
504,CGATCAC,qnrS1,1
504,CGATCAC,aatA22,1
504,CGATCAC,aaiC47,1
504,CGATCAC,uidA160,1
504,CGATCAC,aaiC17,1
504,CGATCAC,qnrB35,1
504,CGATCAC,aac6I6,1
504,CGATCAC,aap223,2
489,TCCTCAT,dfrA15,3971
489,TCCTCAT,aac3VI23,35
489,TCCTCAT,qnrB7,589
489,TCCTCAT,aph6I29,510
489,TCCTCAT,tetA13,96
489,TCCTCAT,dfrA243,265
489,TCCTCAT,dfrA58,162
489,TCCTCAT,sul22,12
489,TCCTCAT,ipaH321,9
489,TCCTCAT,sul336,40
489,TCCTCAT,dfrA369,81
489,TCCTCAT,ant2Ia1,38
489,TCCTCAT,ipaH921,117
489,TCCTCAT,bfpA82,59
489,TCCTCAT,invE132,20
489,TCCTCAT,bfpF56,3
489,TCCTCAT,mcr28,49
489,TCCTCAT,Tsp19,6
489,TCCTCAT,sul15,87
489,TCCTCAT,uidA616,11
489,TCCTCAT,mcr64,1
489,TCCTCAT,chuA24,19
489,TCCTCAT,trpA354,15
489,TCCTCAT,aap223,5
489,TCCTCAT,uidA160,2
489,TCCTCAT,tetB43,13
489,TCCTCAT,aadA57,5
489,TCCTCAT,eae6271,10
489,TCCTCAT,astA13,6
489,TCCTCAT,qnrB35,3
489,TCCTCAT,stx23291,12
489,TCCTCAT,gadph195,7
489,TCCTCAT,aac6I6,4
489,TCCTCAT,dfrA1,3
489,TCCTCAT,stx1301,12
489,TCCTCAT,qnrS1,5
489,TCCTCAT,eltA73,3
489,TCCTCAT,yjaA12,4
489,TCCTCAT,aaiC17,1
489,TCCTCAT,aadA1,1
489,TCCTCAT,eltB2318,1
489,TCCTCAT,mphA18,2
489,TCCTCAT,eltA4510,1
489,TCCTCAT,stx2181,1
489,TCCTCAT,aac6I123,2
489,TCCTCAT,aadA21,1
489,TCCTCAT,intI125,1
501,AATGCCT,eltB12,3510
501,AATGCCT,dfrA15,1450
501,AATGCCT,dfrA243,100
501,AATGCCT,qnrB7,267
501,AATGCCT,bfpA82,35
501,AATGCCT,aph6I29,161
501,AATGCCT,tetA13,38
501,AATGCCT,yjaA12,3
501,AATGCCT,dfrA369,73
501,AATGCCT,ipaH921,39
501,AATGCCT,stx23291,2
501,AATGCCT,dfrA58,52
501,AATGCCT,sul336,18
501,AATGCCT,invE132,27
501,AATGCCT,mcr28,24
501,AATGCCT,sul22,5
501,AATGCCT,sul15,34
501,AATGCCT,tetB43,8
501,AATGCCT,eae6271,6
501,AATGCCT,ant2Ia1,10
501,AATGCCT,gadph195,4
501,AATGCCT,dfrA1,2
501,AATGCCT,qnrS1,3
501,AATGCCT,aac3VI23,10
501,AATGCCT,stx11581,1
501,AATGCCT,aadA1,2
501,AATGCCT,mcr64,2
501,AATGCCT,aadA57,7
501,AATGCCT,stx1301,11
501,AATGCCT,chuA24,1
501,AATGCCT,stx2181,3
501,AATGCCT,uidA616,3
501,AATGCCT,trpA354,2
501,AATGCCT,mphA18,1
501,AATGCCT,aadA21,2
501,AATGCCT,aap223,1
501,AATGCCT,uidA160,1
501,AATGCCT,eltA4510,1
501,AATGCCT,eltA73,1
505,TCGCGTT,dfrA15,2018
505,TCGCGTT,sul22,6
505,TCGCGTT,bfpA82,38
505,TCGCGTT,mcr28,29
505,TCGCGTT,qnrB7,330
505,TCGCGTT,trpA354,5
505,TCGCGTT,sul336,13
505,TCGCGTT,aph6I29,217
505,TCGCGTT,invE132,24
505,TCGCGTT,dfrA243,119
505,TCGCGTT,aac3VI23,6
505,TCGCGTT,ipaH921,56
505,TCGCGTT,stx23291,5
505,TCGCGTT,dfrA1,2
505,TCGCGTT,dfrA58,70
505,TCGCGTT,dfrA369,73
505,TCGCGTT,tetA13,46
505,TCGCGTT,ant2Ia1,23
505,TCGCGTT,aafA83,1
505,TCGCGTT,sul15,50
505,TCGCGTT,astA13,3
505,TCGCGTT,tetB43,5
505,TCGCGTT,eae6271,5
505,TCGCGTT,stx1301,3
505,TCGCGTT,chuA24,12
505,TCGCGTT,bfpF56,2
505,TCGCGTT,aadA57,4
505,TCGCGTT,ipaH321,1
505,TCGCGTT,gadph195,3
505,TCGCGTT,uidA616,1
505,TCGCGTT,yjaA12,4
505,TCGCGTT,mphA18,2
505,TCGCGTT,ermB1,1
505,TCGCGTT,aac6I6,2
505,TCGCGTT,eltA73,2
505,TCGCGTT,qnrS1,3
505,TCGCGTT,aap223,1
505,TCGCGTT,bfpF105,1
505,TCGCGTT,Tsp19,2
505,TCGCGTT,aatA12314,1
505,TCGCGTT,aadA1,2
505,TCGCGTT,aac3II63,2
505,TCGCGTT,qnrB35,1
505,TCGCGTT,uidA160,1
505,TCGCGTT,estIa1515,1
505,TCGCGTT,eltA4510,2
481,GTCCTCT,dfrA15,2732
481,GTCCTCT,qnrB7,434
481,GTCCTCT,dfrA369,75
481,GTCCTCT,mcr28,29
481,GTCCTCT,aph6I29,347
481,GTCCTCT,sul15,68
481,GTCCTCT,dfrA243,202
481,GTCCTCT,invE132,11
481,GTCCTCT,dfrA58,108
481,GTCCTCT,tetB43,10
481,GTCCTCT,sul336,25
481,GTCCTCT,bfpA82,29
481,GTCCTCT,estIa1515,1
481,GTCCTCT,aac6I6,4
481,GTCCTCT,aac3VI23,16
481,GTCCTCT,mcr64,20
481,GTCCTCT,tetA13,70
481,GTCCTCT,ipaH921,96
481,GTCCTCT,ant2Ia1,29
481,GTCCTCT,sul22,5
481,GTCCTCT,trpA354,11
481,GTCCTCT,yjaA12,3
481,GTCCTCT,stx1301,6
481,GTCCTCT,aap223,1
481,GTCCTCT,eltB2318,4
481,GTCCTCT,eltA73,10
481,GTCCTCT,chuA24,13
481,GTCCTCT,eae6271,9
481,GTCCTCT,aadA57,4
481,GTCCTCT,aaiC17,3
481,GTCCTCT,uidA616,6
481,GTCCTCT,stx2181,2
481,GTCCTCT,ipaH321,4
481,GTCCTCT,eltA4510,3
481,GTCCTCT,astA13,4
481,GTCCTCT,bfpF105,1
481,GTCCTCT,qnrS1,1
481,GTCCTCT,stx23291,8
481,GTCCTCT,mphA18,1
481,GTCCTCT,tetM34,1
481,GTCCTCT,gadph195,6
481,GTCCTCT,bfpF56,1
481,GTCCTCT,aac6I123,1
481,GTCCTCT,aatA12314,1
481,GTCCTCT,aadA1,2
481,GTCCTCT,Tsp19,1
481,GTCCTCT,ermB1,1
473,CCATCTC,dfrA15,185
473,CCATCTC,mcr28,3
473,CCATCTC,qnrB7,23
473,CCATCTC,ipaH921,8
473,CCATCTC,aph6I29,17
473,CCATCTC,dfrA58,8
473,CCATCTC,aac3VI23,3
473,CCATCTC,dfrA243,7
473,CCATCTC,aaiC17,1
473,CCATCTC,sul15,2
473,CCATCTC,sul336,2
473,CCATCTC,ant2Ia1,1
473,CCATCTC,uidA616,1
473,CCATCTC,aap223,1
473,CCATCTC,tetB43,1
473,CCATCTC,dfrA369,2
473,CCATCTC,tetM34,1
473,CCATCTC,gadph195,1
473,CCATCTC,sul22,1